example_id,dataset_row,category,label,predicted_label,fine_tuned_probability,sequence_type,token_index,start,end,relative_start,relative_end,relative_center,attention_weight_raw,attention_weight_dna_normalized,is_mutation_token
01_correct_driver_row_13954,13954,correct_driver,1,1,0.5001603364944458,reference,1,0,6,-256,-250,-253.0,0.0013156672939658165,0.0013172965807248201,False
01_correct_driver_row_13954,13954,correct_driver,1,1,0.5001603364944458,reference,2,6,12,-250,-244,-247.0,0.0017018700018525124,0.0017039775515896541,False
01_correct_driver_row_13954,13954,correct_driver,1,1,0.5001603364944458,reference,3,12,18,-244,-238,-241.0,0.0012916568666696548,0.001293256419565507,False
01_correct_driver_row_13954,13954,correct_driver,1,1,0.5001603364944458,reference,4,18,24,-238,-232,-235.0,0.002322503598406911,0.0023253797239881865,False
01_correct_driver_row_13954,13954,correct_driver,1,1,0.5001603364944458,reference,5,24,30,-232,-226,-229.0,0.0011344931554049253,0.001135898081015495,False
01_correct_driver_row_13954,13954,correct_driver,1,1,0.5001603364944458,reference,6,30,36,-226,-220,-223.0,0.0013404844794422388,0.0013421444991318836,False
01_correct_driver_row_13954,13954,correct_driver,1,1,0.5001603364944458,reference,7,36,42,-220,-214,-217.0,0.0014880533562973142,0.0014898961212890607,False
01_correct_driver_row_13954,13954,correct_driver,1,1,0.5001603364944458,reference,8,42,48,-214,-208,-211.0,0.0019491540733724833,0.0019515678530093025,False
01_correct_driver_row_13954,13954,correct_driver,1,1,0.5001603364944458,reference,9,48,54,-208,-202,-205.0,0.0018013898516073823,0.0018036206440322517,False
01_correct_driver_row_13954,13954,correct_driver,1,1,0.5001603364944458,reference,10,54,60,-202,-196,-199.0,0.0013303945306688547,0.0013320420552390944,False
01_correct_driver_row_13954,13954,correct_driver,1,1,0.5001603364944458,reference,11,60,66,-196,-190,-193.0,0.0015633476432412863,0.0015652836506396116,False
01_correct_driver_row_13954,13954,correct_driver,1,1,0.5001603364944458,reference,12,66,72,-190,-184,-187.0,0.001966324634850025,0.001968759678045335,False
01_correct_driver_row_13954,13954,correct_driver,1,1,0.5001603364944458,reference,13,72,78,-184,-178,-181.0,0.0014931095065549016,0.0014949585329462466,False
01_correct_driver_row_13954,13954,correct_driver,1,1,0.5001603364944458,reference,14,78,84,-178,-172,-175.0,0.0013177557848393917,0.0013193876579289533,False
01_correct_driver_row_13954,13954,correct_driver,1,1,0.5001603364944458,reference,15,84,90,-172,-166,-169.0,0.0013399659655988216,0.0013416253431749602,False
01_correct_driver_row_13954,13954,correct_driver,1,1,0.5001603364944458,reference,16,90,96,-166,-160,-163.0,0.0021269028075039387,0.002129536706361079,False
01_correct_driver_row_13954,13954,correct_driver,1,1,0.5001603364944458,reference,17,96,102,-160,-154,-157.0,0.001944405259564519,0.0019468131583988786,False
01_correct_driver_row_13954,13954,correct_driver,1,1,0.5001603364944458,reference,18,102,108,-154,-148,-151.0,0.004112961236387491,0.004118054616236239,False
01_correct_driver_row_13954,13954,correct_driver,1,1,0.5001603364944458,reference,19,108,114,-148,-142,-145.0,0.003360482631251216,0.0033646441619665196,False
01_correct_driver_row_13954,13954,correct_driver,1,1,0.5001603364944458,reference,20,114,120,-142,-136,-139.0,0.004418287891894579,0.00442375938000768,False
01_correct_driver_row_13954,13954,correct_driver,1,1,0.5001603364944458,reference,21,120,126,-136,-130,-133.0,0.005143055692315102,0.005149424713251275,False
01_correct_driver_row_13954,13954,correct_driver,1,1,0.5001603364944458,reference,22,126,132,-130,-124,-127.0,0.004858322441577911,0.004864338856564692,False
01_correct_driver_row_13954,13954,correct_driver,1,1,0.5001603364944458,reference,23,132,138,-124,-118,-121.0,0.0055416040122509,0.005548466584636952,False
01_correct_driver_row_13954,13954,correct_driver,1,1,0.5001603364944458,reference,24,138,144,-118,-112,-115.0,0.0037434191908687353,0.003748054939852582,False
01_correct_driver_row_13954,13954,correct_driver,1,1,0.5001603364944458,reference,25,144,150,-112,-106,-109.0,0.004274472128599882,0.00427976551916511,False
01_correct_driver_row_13954,13954,correct_driver,1,1,0.5001603364944458,reference,26,150,156,-106,-100,-103.0,0.003218921832740307,0.003222908058395079,False
01_correct_driver_row_13954,13954,correct_driver,1,1,0.5001603364944458,reference,27,156,162,-100,-94,-97.0,0.002933117561042309,0.002936749854424325,False
01_correct_driver_row_13954,13954,correct_driver,1,1,0.5001603364944458,reference,28,162,168,-94,-88,-91.0,0.005294070113450289,0.005300626146557322,False
01_correct_driver_row_13954,13954,correct_driver,1,1,0.5001603364944458,reference,29,168,174,-88,-82,-85.0,0.006056358106434345,0.006063858136355173,False
01_correct_driver_row_13954,13954,correct_driver,1,1,0.5001603364944458,reference,30,174,180,-82,-76,-79.0,0.007799064740538597,0.0078087228911764145,False
01_correct_driver_row_13954,13954,correct_driver,1,1,0.5001603364944458,reference,31,180,186,-76,-70,-73.0,0.007153479382395744,0.0071623380576033725,False
01_correct_driver_row_13954,13954,correct_driver,1,1,0.5001603364944458,reference,32,186,192,-70,-64,-67.0,0.008496534079313278,0.008507055957098292,False
01_correct_driver_row_13954,13954,correct_driver,1,1,0.5001603364944458,reference,33,192,198,-64,-58,-61.0,0.011360129341483116,0.011374197418117335,False
01_correct_driver_row_13954,13954,correct_driver,1,1,0.5001603364944458,reference,34,198,204,-58,-52,-55.0,0.01101221889257431,0.011025856126327258,False
01_correct_driver_row_13954,13954,correct_driver,1,1,0.5001603364944458,reference,35,204,210,-52,-46,-49.0,0.010396315716207027,0.01040919023214014,False
01_correct_driver_row_13954,13954,correct_driver,1,1,0.5001603364944458,reference,36,210,216,-46,-40,-43.0,0.013590086251497269,0.013606915846399288,False
01_correct_driver_row_13954,13954,correct_driver,1,1,0.5001603364944458,reference,37,216,222,-40,-34,-37.0,0.01576237753033638,0.01578189723194968,False
01_correct_driver_row_13954,13954,correct_driver,1,1,0.5001603364944458,reference,38,222,228,-34,-28,-31.0,0.018466413021087646,0.018489281327048843,False
01_correct_driver_row_13954,13954,correct_driver,1,1,0.5001603364944458,reference,39,228,234,-28,-22,-25.0,0.02332230657339096,0.023351188286468216,False
01_correct_driver_row_13954,13954,correct_driver,1,1,0.5001603364944458,reference,40,234,240,-22,-16,-19.0,0.04623251035809517,0.04628976344731264,False
01_correct_driver_row_13954,13954,correct_driver,1,1,0.5001603364944458,reference,41,240,246,-16,-10,-13.0,0.06425483524799347,0.06433440669645286,False
01_correct_driver_row_13954,13954,correct_driver,1,1,0.5001603364944458,reference,42,246,252,-10,-4,-7.0,0.08245039731264114,0.08255250165256978,False
01_correct_driver_row_13954,13954,correct_driver,1,1,0.5001603364944458,reference,43,252,258,-4,2,-1.0,0.0918295830488205,0.0919433023184508,True
01_correct_driver_row_13954,13954,correct_driver,1,1,0.5001603364944458,reference,44,258,264,2,8,5.0,0.1451878696680069,0.14536766639526685,False
01_correct_driver_row_13954,13954,correct_driver,1,1,0.5001603364944458,reference,45,264,270,8,14,11.0,0.07656711339950562,0.07666193203990893,False
01_correct_driver_row_13954,13954,correct_driver,1,1,0.5001603364944458,reference,46,270,276,14,20,17.0,0.05740904062986374,0.057480134431597905,False
01_correct_driver_row_13954,13954,correct_driver,1,1,0.5001603364944458,reference,47,276,282,20,26,23.0,0.04225434735417366,0.042306673994024206,False
01_correct_driver_row_13954,13954,correct_driver,1,1,0.5001603364944458,reference,48,282,288,26,32,29.0,0.027945300564169884,0.027979907267851278,False
01_correct_driver_row_13954,13954,correct_driver,1,1,0.5001603364944458,reference,49,288,294,32,38,35.0,0.017881490290164948,0.01790363424365124,False
01_correct_driver_row_13954,13954,correct_driver,1,1,0.5001603364944458,reference,50,294,300,38,44,41.0,0.010571165941655636,0.010584256987374384,False
01_correct_driver_row_13954,13954,correct_driver,1,1,0.5001603364944458,reference,51,300,306,44,50,47.0,0.009319247677922249,0.009330788381955215,False
01_correct_driver_row_13954,13954,correct_driver,1,1,0.5001603364944458,reference,52,306,312,50,56,53.0,0.011716867797076702,0.011731377648956678,False
01_correct_driver_row_13954,13954,correct_driver,1,1,0.5001603364944458,reference,53,312,318,56,62,59.0,0.009139548055827618,0.009150866224713424,False
01_correct_driver_row_13954,13954,correct_driver,1,1,0.5001603364944458,reference,54,318,324,62,68,65.0,0.00930250994861126,0.009314029925093373,False
01_correct_driver_row_13954,13954,correct_driver,1,1,0.5001603364944458,reference,55,324,330,68,74,71.0,0.00846702791750431,0.008477513255657333,False
01_correct_driver_row_13954,13954,correct_driver,1,1,0.5001603364944458,reference,56,330,336,74,80,77.0,0.0078009627759456635,0.007810623277059145,False
01_correct_driver_row_13954,13954,correct_driver,1,1,0.5001603364944458,reference,57,336,342,80,86,83.0,0.004856345243752003,0.004862359210230522,False
01_correct_driver_row_13954,13954,correct_driver,1,1,0.5001603364944458,reference,58,342,348,86,92,89.0,0.00393610168248415,0.003940976044249298,False
01_correct_driver_row_13954,13954,correct_driver,1,1,0.5001603364944458,reference,59,348,354,92,98,95.0,0.0034102131612598896,0.0034144362769172472,False
01_correct_driver_row_13954,13954,correct_driver,1,1,0.5001603364944458,reference,60,354,360,98,104,101.0,0.006502021569758654,0.006510073497247427,False
01_correct_driver_row_13954,13954,correct_driver,1,1,0.5001603364944458,reference,61,360,366,104,110,107.0,0.0032717513386160135,0.003275802986900658,False
01_correct_driver_row_13954,13954,correct_driver,1,1,0.5001603364944458,reference,62,366,372,110,116,113.0,0.00415427889674902,0.0041594234432698034,False
01_correct_driver_row_13954,13954,correct_driver,1,1,0.5001603364944458,reference,63,372,378,116,122,119.0,0.004012629855424166,0.004017598987606907,False
01_correct_driver_row_13954,13954,correct_driver,1,1,0.5001603364944458,reference,64,378,384,122,128,125.0,0.004705862142145634,0.004711689754425014,False
01_correct_driver_row_13954,13954,correct_driver,1,1,0.5001603364944458,reference,65,384,390,128,134,131.0,0.003332116175442934,0.0033362425779073033,False
01_correct_driver_row_13954,13954,correct_driver,1,1,0.5001603364944458,reference,66,390,396,134,140,137.0,0.00234857015311718,0.0023514785588141327,False
01_correct_driver_row_13954,13954,correct_driver,1,1,0.5001603364944458,reference,67,396,402,140,146,143.0,0.00248260167427361,0.0024856760609778517,False
01_correct_driver_row_13954,13954,correct_driver,1,1,0.5001603364944458,reference,68,402,408,146,152,149.0,0.0017786560347303748,0.0017808586742118753,False
01_correct_driver_row_13954,13954,correct_driver,1,1,0.5001603364944458,reference,69,408,414,152,158,155.0,0.0015810984186828136,0.0015830564081608955,False
01_correct_driver_row_13954,13954,correct_driver,1,1,0.5001603364944458,reference,70,414,420,158,164,161.0,0.0008777579059824347,0.0008788448976104755,False
01_correct_driver_row_13954,13954,correct_driver,1,1,0.5001603364944458,reference,71,420,426,164,170,167.0,0.0008954057702794671,0.000896514616544889,False
01_correct_driver_row_13954,13954,correct_driver,1,1,0.5001603364944458,reference,72,426,432,170,176,173.0,0.0008768182015046477,0.000877904029428103,False
01_correct_driver_row_13954,13954,correct_driver,1,1,0.5001603364944458,reference,73,432,438,176,182,179.0,0.0010890809353441,0.0010904296236907494,False
01_correct_driver_row_13954,13954,correct_driver,1,1,0.5001603364944458,reference,74,438,444,182,188,185.0,0.0015108534134924412,0.0015127244134577732,False
01_correct_driver_row_13954,13954,correct_driver,1,1,0.5001603364944458,reference,75,444,450,188,194,191.0,0.001295693451538682,0.0012972980032319571,False
01_correct_driver_row_13954,13954,correct_driver,1,1,0.5001603364944458,reference,76,450,456,194,200,197.0,0.0014555670786648989,0.0014573696135298964,False
01_correct_driver_row_13954,13954,correct_driver,1,1,0.5001603364944458,reference,77,456,462,200,206,203.0,0.0017145872116088867,0.0017167105099943096,False
01_correct_driver_row_13954,13954,correct_driver,1,1,0.5001603364944458,reference,78,462,468,206,212,209.0,0.0016945088282227516,0.0016966072620817525,False
01_correct_driver_row_13954,13954,correct_driver,1,1,0.5001603364944458,reference,79,468,474,212,218,215.0,0.0021940418519079685,0.0021967588939401056,False
01_correct_driver_row_13954,13954,correct_driver,1,1,0.5001603364944458,reference,80,474,480,218,224,221.0,0.0018382048001512885,0.0018404811832117775,False
01_correct_driver_row_13954,13954,correct_driver,1,1,0.5001603364944458,reference,81,480,486,224,230,227.0,0.0016371258534491062,0.0016391532257856237,False
01_correct_driver_row_13954,13954,correct_driver,1,1,0.5001603364944458,reference,82,486,492,230,236,233.0,0.0016034356085583568,0.0016054212598076664,False
01_correct_driver_row_13954,13954,correct_driver,1,1,0.5001603364944458,reference,83,492,498,236,242,239.0,0.0017532308120280504,0.0017554019656020698,False
01_correct_driver_row_13954,13954,correct_driver,1,1,0.5001603364944458,reference,84,498,504,242,248,245.0,0.0030805030837655067,0.0030843178953888313,False
01_correct_driver_row_13954,13954,correct_driver,1,1,0.5001603364944458,reference,85,504,510,248,254,251.0,0.0015573339769616723,0.0015592625371984793,False
01_correct_driver_row_13954,13954,correct_driver,1,1,0.5001603364944458,reference,86,510,511,254,255,254.5,0.0008969469927251339,0.0008980577475987084,False
01_correct_driver_row_13954,13954,correct_driver,1,1,0.5001603364944458,reference,87,511,512,255,256,255.5,0.0003485214547254145,0.0003489530542597475,False
01_correct_driver_row_13954,13954,correct_driver,1,1,0.5001603364944458,alternate,1,0,6,-256,-250,-253.0,0.00128380605019629,0.001285376587867295,False
01_correct_driver_row_13954,13954,correct_driver,1,1,0.5001603364944458,alternate,2,6,12,-250,-244,-247.0,0.001675864914432168,0.0016779150753417763,False
01_correct_driver_row_13954,13954,correct_driver,1,1,0.5001603364944458,alternate,3,12,18,-244,-238,-241.0,0.0012077699648216367,0.0012092474841302351,False
01_correct_driver_row_13954,13954,correct_driver,1,1,0.5001603364944458,alternate,4,18,24,-238,-232,-235.0,0.002143106423318386,0.002145728181776589,False
01_correct_driver_row_13954,13954,correct_driver,1,1,0.5001603364944458,alternate,5,24,30,-232,-226,-229.0,0.0010759469587355852,0.0010772632130330619,False
01_correct_driver_row_13954,13954,correct_driver,1,1,0.5001603364944458,alternate,6,30,36,-226,-220,-223.0,0.0013248220784589648,0.0013264427928817398,False
01_correct_driver_row_13954,13954,correct_driver,1,1,0.5001603364944458,alternate,7,36,42,-220,-214,-217.0,0.0014808275736868382,0.0014826391366471329,False
01_correct_driver_row_13954,13954,correct_driver,1,1,0.5001603364944458,alternate,8,42,48,-214,-208,-211.0,0.001935930224135518,0.0019382985346330242,False
01_correct_driver_row_13954,13954,correct_driver,1,1,0.5001603364944458,alternate,9,48,54,-208,-202,-205.0,0.0018685638206079602,0.001870849718754719,False
01_correct_driver_row_13954,13954,correct_driver,1,1,0.5001603364944458,alternate,10,54,60,-202,-196,-199.0,0.0014499541139230132,0.0014517279079916704,False
01_correct_driver_row_13954,13954,correct_driver,1,1,0.5001603364944458,alternate,11,60,66,-196,-190,-193.0,0.0016640807734802365,0.0016661165183203127,False
01_correct_driver_row_13954,13954,correct_driver,1,1,0.5001603364944458,alternate,12,66,72,-190,-184,-187.0,0.0021419073455035686,0.002144527637075961,False
01_correct_driver_row_13954,13954,correct_driver,1,1,0.5001603364944458,alternate,13,72,78,-184,-178,-181.0,0.0015884333988651633,0.0015903766008701847,False
01_correct_driver_row_13954,13954,correct_driver,1,1,0.5001603364944458,alternate,14,78,84,-178,-172,-175.0,0.001343684969469905,0.0013453287597154741,False
01_correct_driver_row_13954,13954,correct_driver,1,1,0.5001603364944458,alternate,15,84,90,-172,-166,-169.0,0.0013165980344638228,0.0013182086880437621,False
01_correct_driver_row_13954,13954,correct_driver,1,1,0.5001603364944458,alternate,16,90,96,-166,-160,-163.0,0.0021314569748938084,0.0021340644820579046,False
01_correct_driver_row_13954,13954,correct_driver,1,1,0.5001603364944458,alternate,17,96,102,-160,-154,-157.0,0.0018257222836837173,0.0018279557718518715,False
01_correct_driver_row_13954,13954,correct_driver,1,1,0.5001603364944458,alternate,18,102,108,-154,-148,-151.0,0.004004168324172497,0.00400906680334168,False
01_correct_driver_row_13954,13954,correct_driver,1,1,0.5001603364944458,alternate,19,108,114,-148,-142,-145.0,0.003268787171691656,0.003272786026028613,False
01_correct_driver_row_13954,13954,correct_driver,1,1,0.5001603364944458,alternate,20,114,120,-142,-136,-139.0,0.004280528984963894,0.004285765548556725,False
01_correct_driver_row_13954,13954,correct_driver,1,1,0.5001603364944458,alternate,21,120,126,-136,-130,-133.0,0.005206724628806114,0.005213094249178941,False
01_correct_driver_row_13954,13954,correct_driver,1,1,0.5001603364944458,alternate,22,126,132,-130,-124,-127.0,0.004958275705575943,0.004964341387208807,False
01_correct_driver_row_13954,13954,correct_driver,1,1,0.5001603364944458,alternate,23,132,138,-124,-118,-121.0,0.005722758360207081,0.005729759267848378,False
01_correct_driver_row_13954,13954,correct_driver,1,1,0.5001603364944458,alternate,24,138,144,-118,-112,-115.0,0.0038539948873221874,0.003858709652573118,False
01_correct_driver_row_13954,13954,correct_driver,1,1,0.5001603364944458,alternate,25,144,150,-112,-106,-109.0,0.0045756129547953606,0.0045812105078777325,False
01_correct_driver_row_13954,13954,correct_driver,1,1,0.5001603364944458,alternate,26,150,156,-106,-100,-103.0,0.0032557775266468525,0.0032597604657000124,False
01_correct_driver_row_13954,13954,correct_driver,1,1,0.5001603364944458,alternate,27,156,162,-100,-94,-97.0,0.002892416203394532,0.0028959546262014363,False
01_correct_driver_row_13954,13954,correct_driver,1,1,0.5001603364944458,alternate,28,162,168,-94,-88,-91.0,0.004749785177409649,0.004755595803204069,False
01_correct_driver_row_13954,13954,correct_driver,1,1,0.5001603364944458,alternate,29,168,174,-88,-82,-85.0,0.00600644014775753,0.006013788096086055,False
01_correct_driver_row_13954,13954,correct_driver,1,1,0.5001603364944458,alternate,30,174,180,-82,-76,-79.0,0.00791989453136921,0.00792958329448884,False
01_correct_driver_row_13954,13954,correct_driver,1,1,0.5001603364944458,alternate,31,180,186,-76,-70,-73.0,0.007621017284691334,0.007630340417835282,False
01_correct_driver_row_13954,13954,correct_driver,1,1,0.5001603364944458,alternate,32,186,192,-70,-64,-67.0,0.008758345618844032,0.008769060096882185,False
01_correct_driver_row_13954,13954,correct_driver,1,1,0.5001603364944458,alternate,33,192,198,-64,-58,-61.0,0.011621639132499695,0.011635856406248814,False
01_correct_driver_row_13954,13954,correct_driver,1,1,0.5001603364944458,alternate,34,198,204,-58,-52,-55.0,0.011104959063231945,0.011118544259018415,False
01_correct_driver_row_13954,13954,correct_driver,1,1,0.5001603364944458,alternate,35,204,210,-52,-46,-49.0,0.010149197652935982,0.01016161362281085,False
01_correct_driver_row_13954,13954,correct_driver,1,1,0.5001603364944458,alternate,36,210,216,-46,-40,-43.0,0.013463841751217842,0.013480312674270046,False
01_correct_driver_row_13954,13954,correct_driver,1,1,0.5001603364944458,alternate,37,216,222,-40,-34,-37.0,0.015489563345909119,0.01550851242528014,False
01_correct_driver_row_13954,13954,correct_driver,1,1,0.5001603364944458,alternate,38,222,228,-34,-28,-31.0,0.018277127295732498,0.018299486527433666,False
01_correct_driver_row_13954,13954,correct_driver,1,1,0.5001603364944458,alternate,39,228,234,-28,-22,-25.0,0.023286402225494385,0.02331488952847268,False
01_correct_driver_row_13954,13954,correct_driver,1,1,0.5001603364944458,alternate,40,234,240,-22,-16,-19.0,0.04671332985162735,0.04677047636862565,False
01_correct_driver_row_13954,13954,correct_driver,1,1,0.5001603364944458,alternate,41,240,246,-16,-10,-13.0,0.0644766166806221,0.06455549382517238,False
01_correct_driver_row_13954,13954,correct_driver,1,1,0.5001603364944458,alternate,42,246,252,-10,-4,-7.0,0.08347392082214355,0.08357603822311516,False
01_correct_driver_row_13954,13954,correct_driver,1,1,0.5001603364944458,alternate,43,252,258,-4,2,-1.0,0.09304533898830414,0.09315916553552302,True
01_correct_driver_row_13954,13954,correct_driver,1,1,0.5001603364944458,alternate,44,258,264,2,8,5.0,0.1418784260749817,0.1420519923335451,False
01_correct_driver_row_13954,13954,correct_driver,1,1,0.5001603364944458,alternate,45,264,270,8,14,11.0,0.07719303667545319,0.07728747038841124,False
01_correct_driver_row_13954,13954,correct_driver,1,1,0.5001603364944458,alternate,46,270,276,14,20,17.0,0.05630122870206833,0.05637010452687609,False
01_correct_driver_row_13954,13954,correct_driver,1,1,0.5001603364944458,alternate,47,276,282,20,26,23.0,0.04138365387916565,0.04143428036388359,False
01_correct_driver_row_13954,13954,correct_driver,1,1,0.5001603364944458,alternate,48,282,288,26,32,29.0,0.0276702381670475,0.027704088413664098,False
01_correct_driver_row_13954,13954,correct_driver,1,1,0.5001603364944458,alternate,49,288,294,32,38,35.0,0.01837185025215149,0.018394325362704717,False
01_correct_driver_row_13954,13954,correct_driver,1,1,0.5001603364944458,alternate,50,294,300,38,44,41.0,0.011078992858529091,0.01109254628868971,False
01_correct_driver_row_13954,13954,correct_driver,1,1,0.5001603364944458,alternate,51,300,306,44,50,47.0,0.00964999757707119,0.009661802853045375,False
01_correct_driver_row_13954,13954,correct_driver,1,1,0.5001603364944458,alternate,52,306,312,50,56,53.0,0.011753140017390251,0.011767518162085149,False
01_correct_driver_row_13954,13954,correct_driver,1,1,0.5001603364944458,alternate,53,312,318,56,62,59.0,0.009028632193803787,0.009039677325563253,False
01_correct_driver_row_13954,13954,correct_driver,1,1,0.5001603364944458,alternate,54,318,324,62,68,65.0,0.00932091660797596,0.009332319304402639,False
01_correct_driver_row_13954,13954,correct_driver,1,1,0.5001603364944458,alternate,55,324,330,68,74,71.0,0.008222540840506554,0.00823259984446546,False
01_correct_driver_row_13954,13954,correct_driver,1,1,0.5001603364944458,alternate,56,330,336,74,80,77.0,0.0074711451306939125,0.007480284918492471,False
01_correct_driver_row_13954,13954,correct_driver,1,1,0.5001603364944458,alternate,57,336,342,80,86,83.0,0.004754692316055298,0.004760508944973085,False
01_correct_driver_row_13954,13954,correct_driver,1,1,0.5001603364944458,alternate,58,342,348,86,92,89.0,0.003846310544759035,0.003851015909408161,False
01_correct_driver_row_13954,13954,correct_driver,1,1,0.5001603364944458,alternate,59,348,354,92,98,95.0,0.003327711019665003,0.0033317819581948553,False
01_correct_driver_row_13954,13954,correct_driver,1,1,0.5001603364944458,alternate,60,354,360,98,104,101.0,0.006834120489656925,0.006842480976566573,False
01_correct_driver_row_13954,13954,correct_driver,1,1,0.5001603364944458,alternate,61,360,366,104,110,107.0,0.0031492803245782852,0.003153132980815221,False
01_correct_driver_row_13954,13954,correct_driver,1,1,0.5001603364944458,alternate,62,366,372,110,116,113.0,0.004343196749687195,0.004348509977574637,False
01_correct_driver_row_13954,13954,correct_driver,1,1,0.5001603364944458,alternate,63,372,378,116,122,119.0,0.003843459766358137,0.0038481616435218522,False
01_correct_driver_row_13954,13954,correct_driver,1,1,0.5001603364944458,alternate,64,378,384,122,128,125.0,0.004747374914586544,0.004753182591798068,False
01_correct_driver_row_13954,13954,correct_driver,1,1,0.5001603364944458,alternate,65,384,390,128,134,131.0,0.003337308531627059,0.0033413912112248726,False
01_correct_driver_row_13954,13954,correct_driver,1,1,0.5001603364944458,alternate,66,390,396,134,140,137.0,0.002466393867507577,0.0024694111180337476,False
01_correct_driver_row_13954,13954,correct_driver,1,1,0.5001603364944458,alternate,67,396,402,140,146,143.0,0.0026302561163902283,0.002633473826973965,False
01_correct_driver_row_13954,13954,correct_driver,1,1,0.5001603364944458,alternate,68,402,408,146,152,149.0,0.0017864028923213482,0.0017885882793099465,False
01_correct_driver_row_13954,13954,correct_driver,1,1,0.5001603364944458,alternate,69,408,414,152,158,155.0,0.0017122965073212981,0.0017143912366367326,False
01_correct_driver_row_13954,13954,correct_driver,1,1,0.5001603364944458,alternate,70,414,420,158,164,161.0,0.0009144885698333383,0.0009156073048232591,False
01_correct_driver_row_13954,13954,correct_driver,1,1,0.5001603364944458,alternate,71,420,426,164,170,167.0,0.0008762228535488248,0.0008772947763672937,False
01_correct_driver_row_13954,13954,correct_driver,1,1,0.5001603364944458,alternate,72,426,432,170,176,173.0,0.0008856605272740126,0.0008867439956231399,False
01_correct_driver_row_13954,13954,correct_driver,1,1,0.5001603364944458,alternate,73,432,438,176,182,179.0,0.001072992687113583,0.0010743053273177378,False
01_correct_driver_row_13954,13954,correct_driver,1,1,0.5001603364944458,alternate,74,438,444,182,188,185.0,0.0015316545031964779,0.0015335282450252116,False
01_correct_driver_row_13954,13954,correct_driver,1,1,0.5001603364944458,alternate,75,444,450,188,194,191.0,0.0012765813153237104,0.001278143014651666,False
01_correct_driver_row_13954,13954,correct_driver,1,1,0.5001603364944458,alternate,76,450,456,194,200,197.0,0.0014505685539916158,0.001452343099732439,False
01_correct_driver_row_13954,13954,correct_driver,1,1,0.5001603364944458,alternate,77,456,462,200,206,203.0,0.0017653695540502667,0.0017675292100103374,False
01_correct_driver_row_13954,13954,correct_driver,1,1,0.5001603364944458,alternate,78,462,468,206,212,209.0,0.0017284529749304056,0.0017305674691791854,False
01_correct_driver_row_13954,13954,correct_driver,1,1,0.5001603364944458,alternate,79,468,474,212,218,215.0,0.002208216581493616,0.0022109179921361685,False
01_correct_driver_row_13954,13954,correct_driver,1,1,0.5001603364944458,alternate,80,474,480,218,224,221.0,0.001900379080325365,0.0019027038995099953,False
01_correct_driver_row_13954,13954,correct_driver,1,1,0.5001603364944458,alternate,81,480,486,224,230,227.0,0.0018467288464307785,0.001848988032871758,False
01_correct_driver_row_13954,13954,correct_driver,1,1,0.5001603364944458,alternate,82,486,492,230,236,233.0,0.0017177894478663802,0.0017198908969429882,False
01_correct_driver_row_13954,13954,correct_driver,1,1,0.5001603364944458,alternate,83,492,498,236,242,239.0,0.0017761081689968705,0.001778280961987496,False
01_correct_driver_row_13954,13954,correct_driver,1,1,0.5001603364944458,alternate,84,498,504,242,248,245.0,0.003277136478573084,0.003281145546992598,False
01_correct_driver_row_13954,13954,correct_driver,1,1,0.5001603364944458,alternate,85,504,510,248,254,251.0,0.00156389398034662,0.0015658071621774867,False
01_correct_driver_row_13954,13954,correct_driver,1,1,0.5001603364944458,alternate,86,510,511,254,255,254.5,0.0008862199611030519,0.0008873041138327388,False
01_correct_driver_row_13954,13954,correct_driver,1,1,0.5001603364944458,alternate,87,511,512,255,256,255.5,0.0003621424548327923,0.0003625854799825009,False
02_correct_driver_row_100263,100263,correct_driver,1,1,0.5309541821479797,reference,1,0,6,-256,-250,-253.0,0.0010531408479437232,0.0010548742736529578,False
02_correct_driver_row_100263,100263,correct_driver,1,1,0.5309541821479797,reference,2,6,12,-250,-244,-247.0,0.0012140204198658466,0.0012160186466096297,False
02_correct_driver_row_100263,100263,correct_driver,1,1,0.5309541821479797,reference,3,12,18,-244,-238,-241.0,0.0019056887831538916,0.0019088254670428216,False
02_correct_driver_row_100263,100263,correct_driver,1,1,0.5309541821479797,reference,4,18,24,-238,-232,-235.0,0.004363240674138069,0.004370422385468417,False
02_correct_driver_row_100263,100263,correct_driver,1,1,0.5309541821479797,reference,5,24,30,-232,-226,-229.0,0.0029955506324768066,0.003000481183304636,False
02_correct_driver_row_100263,100263,correct_driver,1,1,0.5309541821479797,reference,6,30,36,-226,-220,-223.0,0.0017293512355536222,0.0017321976752277253,False
02_correct_driver_row_100263,100263,correct_driver,1,1,0.5309541821479797,reference,7,36,42,-220,-214,-217.0,0.0013369221705943346,0.0013391226884702475,False
02_correct_driver_row_100263,100263,correct_driver,1,1,0.5309541821479797,reference,8,42,48,-214,-208,-211.0,0.0016708734910935163,0.001673623678850449,False
02_correct_driver_row_100263,100263,correct_driver,1,1,0.5309541821479797,reference,9,48,54,-208,-202,-205.0,0.0019333114614710212,0.0019364936111310742,False
02_correct_driver_row_100263,100263,correct_driver,1,1,0.5309541821479797,reference,10,54,60,-202,-196,-199.0,0.0018207314424216747,0.0018237282900874625,False
02_correct_driver_row_100263,100263,correct_driver,1,1,0.5309541821479797,reference,11,60,66,-196,-190,-193.0,0.0011125400196760893,0.001114371213933177,False
02_correct_driver_row_100263,100263,correct_driver,1,1,0.5309541821479797,reference,12,66,72,-190,-184,-187.0,0.0019207797013223171,0.0019239412242302446,False
02_correct_driver_row_100263,100263,correct_driver,1,1,0.5309541821479797,reference,13,72,78,-184,-178,-181.0,0.001221617334522307,0.0012236280654693045,False
02_correct_driver_row_100263,100263,correct_driver,1,1,0.5309541821479797,reference,14,78,84,-178,-172,-175.0,0.0013881232589483261,0.00139040805167035,False
02_correct_driver_row_100263,100263,correct_driver,1,1,0.5309541821479797,reference,15,84,90,-172,-166,-169.0,0.0024460016284137964,0.002450027644606978,False
02_correct_driver_row_100263,100263,correct_driver,1,1,0.5309541821479797,reference,16,90,96,-166,-160,-163.0,0.0018456950783729553,0.0018487330151375453,False
02_correct_driver_row_100263,100263,correct_driver,1,1,0.5309541821479797,reference,17,96,102,-160,-154,-157.0,0.002016462152823806,0.002019781165037821,False
02_correct_driver_row_100263,100263,correct_driver,1,1,0.5309541821479797,reference,18,102,108,-154,-148,-151.0,0.0016365778865292668,0.0016392716251580684,False
02_correct_driver_row_100263,100263,correct_driver,1,1,0.5309541821479797,reference,19,108,114,-148,-142,-145.0,0.0019829869270324707,0.0019862508404274413,False
02_correct_driver_row_100263,100263,correct_driver,1,1,0.5309541821479797,reference,20,114,120,-142,-136,-139.0,0.0032910548616200686,0.0032964718000274744,False
02_correct_driver_row_100263,100263,correct_driver,1,1,0.5309541821479797,reference,21,120,126,-136,-130,-133.0,0.004580380395054817,0.004587919509267665,False
02_correct_driver_row_100263,100263,correct_driver,1,1,0.5309541821479797,reference,22,126,132,-130,-124,-127.0,0.0038033698219805956,0.0038096300093468168,False
02_correct_driver_row_100263,100263,correct_driver,1,1,0.5309541821479797,reference,23,132,138,-124,-118,-121.0,0.005333386827260256,0.00534216535850963,False
02_correct_driver_row_100263,100263,correct_driver,1,1,0.5309541821479797,reference,24,138,144,-118,-112,-115.0,0.0069930520839989185,0.007004562354721101,False
02_correct_driver_row_100263,100263,correct_driver,1,1,0.5309541821479797,reference,25,144,150,-112,-106,-109.0,0.004439307376742363,0.004446614290678012,False
02_correct_driver_row_100263,100263,correct_driver,1,1,0.5309541821479797,reference,26,150,156,-106,-100,-103.0,0.0033523328602313995,0.0033578506596569782,False
02_correct_driver_row_100263,100263,correct_driver,1,1,0.5309541821479797,reference,27,156,162,-100,-94,-97.0,0.0036412314511835575,0.003647224765585026,False
02_correct_driver_row_100263,100263,correct_driver,1,1,0.5309541821479797,reference,28,162,168,-94,-88,-91.0,0.0036667324602603912,0.003672767748254311,False
02_correct_driver_row_100263,100263,correct_driver,1,1,0.5309541821479797,reference,29,168,174,-88,-82,-85.0,0.0046241190284490585,0.004631730134619829,False
02_correct_driver_row_100263,100263,correct_driver,1,1,0.5309541821479797,reference,30,174,180,-82,-76,-79.0,0.005506182089447975,0.005515245034458809,False
02_correct_driver_row_100263,100263,correct_driver,1,1,0.5309541821479797,reference,31,180,186,-76,-70,-73.0,0.005445943213999271,0.005454907008345119,False
02_correct_driver_row_100263,100263,correct_driver,1,1,0.5309541821479797,reference,32,186,192,-70,-64,-67.0,0.005193723365664482,0.005202272016707953,False
02_correct_driver_row_100263,100263,correct_driver,1,1,0.5309541821479797,reference,33,192,198,-64,-58,-61.0,0.009352302178740501,0.009367695676266321,False
02_correct_driver_row_100263,100263,correct_driver,1,1,0.5309541821479797,reference,34,198,204,-58,-52,-55.0,0.015135051682591438,0.015159963343504055,False
02_correct_driver_row_100263,100263,correct_driver,1,1,0.5309541821479797,reference,35,204,210,-52,-46,-49.0,0.016068583354353905,0.016095031569283373,False
02_correct_driver_row_100263,100263,correct_driver,1,1,0.5309541821479797,reference,36,210,216,-46,-40,-43.0,0.017326870933175087,0.01735539023673719,False
02_correct_driver_row_100263,100263,correct_driver,1,1,0.5309541821479797,reference,37,216,222,-40,-34,-37.0,0.021397309377789497,0.02143252845248053,False
02_correct_driver_row_100263,100263,correct_driver,1,1,0.5309541821479797,reference,38,222,228,-34,-28,-31.0,0.025644373148679733,0.02568658271238617,False
02_correct_driver_row_100263,100263,correct_driver,1,1,0.5309541821479797,reference,39,228,234,-28,-22,-25.0,0.032659273594617844,0.03271302939053477,False
02_correct_driver_row_100263,100263,correct_driver,1,1,0.5309541821479797,reference,40,234,240,-22,-16,-19.0,0.05570770800113678,0.05579940055436008,False
02_correct_driver_row_100263,100263,correct_driver,1,1,0.5309541821479797,reference,41,240,246,-16,-10,-13.0,0.08133929967880249,0.08147318075796647,False
02_correct_driver_row_100263,100263,correct_driver,1,1,0.5309541821479797,reference,42,246,252,-10,-4,-7.0,0.08848194032907486,0.08862757789547338,False
02_correct_driver_row_100263,100263,correct_driver,1,1,0.5309541821479797,reference,43,252,258,-4,2,-1.0,0.09681154787540436,0.09697089562681453,True
02_correct_driver_row_100263,100263,correct_driver,1,1,0.5309541821479797,reference,44,258,264,2,8,5.0,0.11622267961502075,0.11641397727595014,False
02_correct_driver_row_100263,100263,correct_driver,1,1,0.5309541821479797,reference,45,264,270,8,14,11.0,0.055464766919612885,0.0555560596019952,False
02_correct_driver_row_100263,100263,correct_driver,1,1,0.5309541821479797,reference,46,270,276,14,20,17.0,0.042378492653369904,0.042448245876623374,False
02_correct_driver_row_100263,100263,correct_driver,1,1,0.5309541821479797,reference,47,276,282,20,26,23.0,0.03272669017314911,0.032780556933929554,False
02_correct_driver_row_100263,100263,correct_driver,1,1,0.5309541821479797,reference,48,282,288,26,32,29.0,0.02801460027694702,0.02806071113519434,False
02_correct_driver_row_100263,100263,correct_driver,1,1,0.5309541821479797,reference,49,288,294,32,38,35.0,0.01792149618268013,0.01795099421448819,False
02_correct_driver_row_100263,100263,correct_driver,1,1,0.5309541821479797,reference,50,294,300,38,44,41.0,0.013419967144727707,0.013442055848352846,False
02_correct_driver_row_100263,100263,correct_driver,1,1,0.5309541821479797,reference,51,300,306,44,50,47.0,0.01326001062989235,0.013281836051796229,False
02_correct_driver_row_100263,100263,correct_driver,1,1,0.5309541821479797,reference,52,306,312,50,56,53.0,0.011958247050642967,0.011977929824239147,False
02_correct_driver_row_100263,100263,correct_driver,1,1,0.5309541821479797,reference,53,312,318,56,62,59.0,0.010772140696644783,0.010789871188880001,False
02_correct_driver_row_100263,100263,correct_driver,1,1,0.5309541821479797,reference,54,318,324,62,68,65.0,0.009931876324117184,0.009948223776402202,False
02_correct_driver_row_100263,100263,correct_driver,1,1,0.5309541821479797,reference,55,324,330,68,74,71.0,0.0073750740848481655,0.0073872131477770685,False
02_correct_driver_row_100263,100263,correct_driver,1,1,0.5309541821479797,reference,56,330,336,74,80,77.0,0.006248041987419128,0.006258326002738178,False
02_correct_driver_row_100263,100263,correct_driver,1,1,0.5309541821479797,reference,57,336,342,80,86,83.0,0.005153706297278404,0.005162189081904022,False
02_correct_driver_row_100263,100263,correct_driver,1,1,0.5309541821479797,reference,58,342,348,86,92,89.0,0.004933446645736694,0.004941566892204729,False
02_correct_driver_row_100263,100263,correct_driver,1,1,0.5309541821479797,reference,59,348,354,92,98,95.0,0.006707604043185711,0.006718644478392956,False
02_correct_driver_row_100263,100263,correct_driver,1,1,0.5309541821479797,reference,60,354,360,98,104,101.0,0.00312627200037241,0.0031314177130945847,False
02_correct_driver_row_100263,100263,correct_driver,1,1,0.5309541821479797,reference,61,360,366,104,110,107.0,0.003409043187275529,0.0034146543295232664,False
02_correct_driver_row_100263,100263,correct_driver,1,1,0.5309541821479797,reference,62,366,372,110,116,113.0,0.003238978097215295,0.0032443093194505007,False
02_correct_driver_row_100263,100263,correct_driver,1,1,0.5309541821479797,reference,63,372,378,116,122,119.0,0.002526139374822378,0.002530297294388386,False
02_correct_driver_row_100263,100263,correct_driver,1,1,0.5309541821479797,reference,64,378,384,122,128,125.0,0.0034306275192648172,0.003436274188418628,False
02_correct_driver_row_100263,100263,correct_driver,1,1,0.5309541821479797,reference,65,384,390,128,134,131.0,0.0035895006731152534,0.003595408840823535,False
02_correct_driver_row_100263,100263,correct_driver,1,1,0.5309541821479797,reference,66,390,396,134,140,137.0,0.0029378109611570835,0.002942646474905206,False
02_correct_driver_row_100263,100263,correct_driver,1,1,0.5309541821479797,reference,67,396,402,140,146,143.0,0.0029254495166242123,0.002930264683952577,False
02_correct_driver_row_100263,100263,correct_driver,1,1,0.5309541821479797,reference,68,402,408,146,152,149.0,0.001984422095119953,0.0019876883707414627,False
02_correct_driver_row_100263,100263,correct_driver,1,1,0.5309541821479797,reference,69,408,414,152,158,155.0,0.0016397268045693636,0.0016424257261853199,False
02_correct_driver_row_100263,100263,correct_driver,1,1,0.5309541821479797,reference,70,414,420,158,164,161.0,0.0012475177645683289,0.0012495711265379573,False
02_correct_driver_row_100263,100263,correct_driver,1,1,0.5309541821479797,reference,71,420,426,164,170,167.0,0.00101686071138829,0.001018534421512888,False
02_correct_driver_row_100263,100263,correct_driver,1,1,0.5309541821479797,reference,72,426,432,170,176,173.0,0.0012956082355231047,0.0012977407523929393,False
02_correct_driver_row_100263,100263,correct_driver,1,1,0.5309541821479797,reference,73,432,438,176,182,179.0,0.00111906579695642,0.0011209077323694819,False
02_correct_driver_row_100263,100263,correct_driver,1,1,0.5309541821479797,reference,74,438,444,182,188,185.0,0.0019986177794635296,0.002001907420586671,False
02_correct_driver_row_100263,100263,correct_driver,1,1,0.5309541821479797,reference,75,444,450,188,194,191.0,0.001645939890295267,0.0016486490383900007,False
02_correct_driver_row_100263,100263,correct_driver,1,1,0.5309541821479797,reference,76,450,456,194,200,197.0,0.001055712578818202,0.001057450237488701,False
02_correct_driver_row_100263,100263,correct_driver,1,1,0.5309541821479797,reference,77,456,462,200,206,203.0,0.0014971902128309011,0.0014996545251891227,False
02_correct_driver_row_100263,100263,correct_driver,1,1,0.5309541821479797,reference,78,462,468,206,212,209.0,0.0036226327065378428,0.0036285954081849096,False
02_correct_driver_row_100263,100263,correct_driver,1,1,0.5309541821479797,reference,79,468,474,212,218,215.0,0.002525155432522297,0.002529311732560506,False
02_correct_driver_row_100263,100263,correct_driver,1,1,0.5309541821479797,reference,80,474,480,218,224,221.0,0.0024457862600684166,0.002449811921774326,False
02_correct_driver_row_100263,100263,correct_driver,1,1,0.5309541821479797,reference,81,480,486,224,230,227.0,0.0023445209953933954,0.0023483799787166523,False
02_correct_driver_row_100263,100263,correct_driver,1,1,0.5309541821479797,reference,82,486,492,230,236,233.0,0.002226294716820121,0.0022299591046425135,False
02_correct_driver_row_100263,100263,correct_driver,1,1,0.5309541821479797,reference,83,492,498,236,242,239.0,0.0017165907192975283,0.001719416155696538,False
02_correct_driver_row_100263,100263,correct_driver,1,1,0.5309541821479797,reference,84,498,504,242,248,245.0,0.002460755640640855,0.002464805941319971,False
02_correct_driver_row_100263,100263,correct_driver,1,1,0.5309541821479797,reference,85,504,510,248,254,251.0,0.0020234801340848207,0.002026810697601939,False
02_correct_driver_row_100263,100263,correct_driver,1,1,0.5309541821479797,reference,86,510,511,254,255,254.5,0.001086461590602994,0.0010882498608585107,False
02_correct_driver_row_100263,100263,correct_driver,1,1,0.5309541821479797,reference,87,511,512,255,256,255.5,0.00034305336885154247,0.0003436180203227753,False
02_correct_driver_row_100263,100263,correct_driver,1,1,0.5309541821479797,alternate,1,0,6,-256,-250,-253.0,0.0012122548650950193,0.0012146080256821912,False
02_correct_driver_row_100263,100263,correct_driver,1,1,0.5309541821479797,alternate,2,6,12,-250,-244,-247.0,0.001210962887853384,0.0012133135405274,False
02_correct_driver_row_100263,100263,correct_driver,1,1,0.5309541821479797,alternate,3,12,18,-244,-238,-241.0,0.002009643940255046,0.0020135449474199757,False
02_correct_driver_row_100263,100263,correct_driver,1,1,0.5309541821479797,alternate,4,18,24,-238,-232,-235.0,0.00413058465346694,0.00413860271079827,False
02_correct_driver_row_100263,100263,correct_driver,1,1,0.5309541821479797,alternate,5,24,30,-232,-226,-229.0,0.00285927951335907,0.0028648297850488577,False
02_correct_driver_row_100263,100263,correct_driver,1,1,0.5309541821479797,alternate,6,30,36,-226,-220,-223.0,0.001880022929981351,0.001883672324171627,False
02_correct_driver_row_100263,100263,correct_driver,1,1,0.5309541821479797,alternate,7,36,42,-220,-214,-217.0,0.0014070910401642323,0.0014098224057158299,False
02_correct_driver_row_100263,100263,correct_driver,1,1,0.5309541821479797,alternate,8,42,48,-214,-208,-211.0,0.0017637739656493068,0.0017671977039242779,False
02_correct_driver_row_100263,100263,correct_driver,1,1,0.5309541821479797,alternate,9,48,54,-208,-202,-205.0,0.0021044467575848103,0.0021085317906173336,False
02_correct_driver_row_100263,100263,correct_driver,1,1,0.5309541821479797,alternate,10,54,60,-202,-196,-199.0,0.0019995917100459337,0.002003473204390068,False
02_correct_driver_row_100263,100263,correct_driver,1,1,0.5309541821479797,alternate,11,60,66,-196,-190,-193.0,0.001200024038553238,0.0012023534573516199,False
02_correct_driver_row_100263,100263,correct_driver,1,1,0.5309541821479797,alternate,12,66,72,-190,-184,-187.0,0.0021442240104079247,0.0021483862567940955,False
02_correct_driver_row_100263,100263,correct_driver,1,1,0.5309541821479797,alternate,13,72,78,-184,-178,-181.0,0.0013663108693435788,0.0013689630747338306,False
02_correct_driver_row_100263,100263,correct_driver,1,1,0.5309541821479797,alternate,14,78,84,-178,-172,-175.0,0.0015548865776509047,0.0015579048355415536,False
02_correct_driver_row_100263,100263,correct_driver,1,1,0.5309541821479797,alternate,15,84,90,-172,-166,-169.0,0.002441083313897252,0.0024458218067749983,False
02_correct_driver_row_100263,100263,correct_driver,1,1,0.5309541821479797,alternate,16,90,96,-166,-160,-163.0,0.0019067716784775257,0.0019104729958256538,False
02_correct_driver_row_100263,100263,correct_driver,1,1,0.5309541821479797,alternate,17,96,102,-160,-154,-157.0,0.002404408762231469,0.0024090760645435866,False
02_correct_driver_row_100263,100263,correct_driver,1,1,0.5309541821479797,alternate,18,102,108,-154,-148,-151.0,0.0017324091168120503,0.0017357719714162427,False
02_correct_driver_row_100263,100263,correct_driver,1,1,0.5309541821479797,alternate,19,108,114,-148,-142,-145.0,0.0020087268203496933,0.0020126260472533293,False
02_correct_driver_row_100263,100263,correct_driver,1,1,0.5309541821479797,alternate,20,114,120,-142,-136,-139.0,0.0032374109141528606,0.0032436951931333106,False
02_correct_driver_row_100263,100263,correct_driver,1,1,0.5309541821479797,alternate,21,120,126,-136,-130,-133.0,0.004417696036398411,0.004426271418109206,False
02_correct_driver_row_100263,100263,correct_driver,1,1,0.5309541821479797,alternate,22,126,132,-130,-124,-127.0,0.0037414622493088245,0.003748724964235339,False
02_correct_driver_row_100263,100263,correct_driver,1,1,0.5309541821479797,alternate,23,132,138,-124,-118,-121.0,0.0049930959939956665,0.005002788309563412,False
02_correct_driver_row_100263,100263,correct_driver,1,1,0.5309541821479797,alternate,24,138,144,-118,-112,-115.0,0.007144459057599306,0.00715832747747955,False
02_correct_driver_row_100263,100263,correct_driver,1,1,0.5309541821479797,alternate,25,144,150,-112,-106,-109.0,0.004611889831721783,0.00462084217144577,False
02_correct_driver_row_100263,100263,correct_driver,1,1,0.5309541821479797,alternate,26,150,156,-106,-100,-103.0,0.003193832002580166,0.0032000316886419996,False
02_correct_driver_row_100263,100263,correct_driver,1,1,0.5309541821479797,alternate,27,156,162,-100,-94,-97.0,0.003331198822706938,0.0033376651574714617,False
02_correct_driver_row_100263,100263,correct_driver,1,1,0.5309541821479797,alternate,28,162,168,-94,-88,-91.0,0.003383707720786333,0.00339027598285426,False
02_correct_driver_row_100263,100263,correct_driver,1,1,0.5309541821479797,alternate,29,168,174,-88,-82,-85.0,0.0040337760001420975,0.004041606137990437,False
02_correct_driver_row_100263,100263,correct_driver,1,1,0.5309541821479797,alternate,30,174,180,-82,-76,-79.0,0.005125176161527634,0.00513512486364703,False
02_correct_driver_row_100263,100263,correct_driver,1,1,0.5309541821479797,alternate,31,180,186,-76,-70,-73.0,0.005476581398397684,0.005487212228489785,False
02_correct_driver_row_100263,100263,correct_driver,1,1,0.5309541821479797,alternate,32,186,192,-70,-64,-67.0,0.005190991796553135,0.005201068256261155,False
02_correct_driver_row_100263,100263,correct_driver,1,1,0.5309541821479797,alternate,33,192,198,-64,-58,-61.0,0.009096825495362282,0.009114483738558847,False
02_correct_driver_row_100263,100263,correct_driver,1,1,0.5309541821479797,alternate,34,198,204,-58,-52,-55.0,0.015388913452625275,0.015418785541126466,False
02_correct_driver_row_100263,100263,correct_driver,1,1,0.5309541821479797,alternate,35,204,210,-52,-46,-49.0,0.01661132648587227,0.01664357145342217,False
02_correct_driver_row_100263,100263,correct_driver,1,1,0.5309541821479797,alternate,36,210,216,-46,-40,-43.0,0.017508547753095627,0.017542534355828684,False
02_correct_driver_row_100263,100263,correct_driver,1,1,0.5309541821479797,alternate,37,216,222,-40,-34,-37.0,0.021528072655200958,0.021569861732356792,False
02_correct_driver_row_100263,100263,correct_driver,1,1,0.5309541821479797,alternate,38,222,228,-34,-28,-31.0,0.02405591681599617,0.024102612801279143,False
02_correct_driver_row_100263,100263,correct_driver,1,1,0.5309541821479797,alternate,39,228,234,-28,-22,-25.0,0.03153245151042938,0.031593660522038866,False
02_correct_driver_row_100263,100263,correct_driver,1,1,0.5309541821479797,alternate,40,234,240,-22,-16,-19.0,0.05344165489077568,0.053545392808950466,False
02_correct_driver_row_100263,100263,correct_driver,1,1,0.5309541821479797,alternate,41,240,246,-16,-10,-13.0,0.07652676850557327,0.07667531794075894,False
02_correct_driver_row_100263,100263,correct_driver,1,1,0.5309541821479797,alternate,42,246,252,-10,-4,-7.0,0.08454203605651855,0.0847061442757847,False
02_correct_driver_row_100263,100263,correct_driver,1,1,0.5309541821479797,alternate,43,252,258,-4,2,-1.0,0.09305370599031448,0.09323433658189353,True
02_correct_driver_row_100263,100263,correct_driver,1,1,0.5309541821479797,alternate,44,258,264,2,8,5.0,0.12110163271427155,0.12133670835500576,False
02_correct_driver_row_100263,100263,correct_driver,1,1,0.5309541821479797,alternate,45,264,270,8,14,11.0,0.057379402220249176,0.05749078387084754,False
02_correct_driver_row_100263,100263,correct_driver,1,1,0.5309541821479797,alternate,46,270,276,14,20,17.0,0.0437740720808506,0.043859043834007974,False
02_correct_driver_row_100263,100263,correct_driver,1,1,0.5309541821479797,alternate,47,276,282,20,26,23.0,0.03278571367263794,0.032849355445880656,False
02_correct_driver_row_100263,100263,correct_driver,1,1,0.5309541821479797,alternate,48,282,288,26,32,29.0,0.028547627851366997,0.02860304289209098,False
02_correct_driver_row_100263,100263,correct_driver,1,1,0.5309541821479797,alternate,49,288,294,32,38,35.0,0.018298491835594177,0.01833401183310628,False
02_correct_driver_row_100263,100263,correct_driver,1,1,0.5309541821479797,alternate,50,294,300,38,44,41.0,0.014163999818265438,0.014191494173692453,False
02_correct_driver_row_100263,100263,correct_driver,1,1,0.5309541821479797,alternate,51,300,306,44,50,47.0,0.013499976135790348,0.01352618152599764,False
02_correct_driver_row_100263,100263,correct_driver,1,1,0.5309541821479797,alternate,52,306,312,50,56,53.0,0.011899257078766823,0.011922355243666484,False
02_correct_driver_row_100263,100263,correct_driver,1,1,0.5309541821479797,alternate,53,312,318,56,62,59.0,0.009857021272182465,0.009876155164429452,False
02_correct_driver_row_100263,100263,correct_driver,1,1,0.5309541821479797,alternate,54,318,324,62,68,65.0,0.01014124508947134,0.010160930700918669,False
02_correct_driver_row_100263,100263,correct_driver,1,1,0.5309541821479797,alternate,55,324,330,68,74,71.0,0.007914017885923386,0.00792938012988012,False
02_correct_driver_row_100263,100263,correct_driver,1,1,0.5309541821479797,alternate,56,330,336,74,80,77.0,0.006646738387644291,0.006659640660307739,False
02_correct_driver_row_100263,100263,correct_driver,1,1,0.5309541821479797,alternate,57,336,342,80,86,83.0,0.0053612301126122475,0.005371637029311872,False
02_correct_driver_row_100263,100263,correct_driver,1,1,0.5309541821479797,alternate,58,342,348,86,92,89.0,0.0050431196577847,0.005052909076459593,False
02_correct_driver_row_100263,100263,correct_driver,1,1,0.5309541821479797,alternate,59,348,354,92,98,95.0,0.006649348419159651,0.006662255758268671,False
02_correct_driver_row_100263,100263,correct_driver,1,1,0.5309541821479797,alternate,60,354,360,98,104,101.0,0.003060904098674655,0.0030668457526069324,False
02_correct_driver_row_100263,100263,correct_driver,1,1,0.5309541821479797,alternate,61,360,366,104,110,107.0,0.003542381338775158,0.0035492576090968165,False
02_correct_driver_row_100263,100263,correct_driver,1,1,0.5309541821479797,alternate,62,366,372,110,116,113.0,0.0032960607204586267,0.00330245884712624,False
02_correct_driver_row_100263,100263,correct_driver,1,1,0.5309541821479797,alternate,63,372,378,116,122,119.0,0.002759282011538744,0.0027646381737331817,False
02_correct_driver_row_100263,100263,correct_driver,1,1,0.5309541821479797,alternate,64,378,384,122,128,125.0,0.003457831684499979,0.003464543831814316,False
02_correct_driver_row_100263,100263,correct_driver,1,1,0.5309541821479797,alternate,65,384,390,128,134,131.0,0.0035397084429860115,0.003546579524833525,False
02_correct_driver_row_100263,100263,correct_driver,1,1,0.5309541821479797,alternate,66,390,396,134,140,137.0,0.003020280972123146,0.0030261437707395315,False
02_correct_driver_row_100263,100263,correct_driver,1,1,0.5309541821479797,alternate,67,396,402,140,146,143.0,0.003137105843052268,0.003143195415501275,False
02_correct_driver_row_100263,100263,correct_driver,1,1,0.5309541821479797,alternate,68,402,408,146,152,149.0,0.002269362099468708,0.002273767256836398,False
02_correct_driver_row_100263,100263,correct_driver,1,1,0.5309541821479797,alternate,69,408,414,152,158,155.0,0.001872950466349721,0.001876586131873566,False
02_correct_driver_row_100263,100263,correct_driver,1,1,0.5309541821479797,alternate,70,414,420,158,164,161.0,0.0013216587249189615,0.00132422425409168,False
02_correct_driver_row_100263,100263,correct_driver,1,1,0.5309541821479797,alternate,71,420,426,164,170,167.0,0.0010620777029544115,0.0010641393481274424,False
02_correct_driver_row_100263,100263,correct_driver,1,1,0.5309541821479797,alternate,72,426,432,170,176,173.0,0.0013131987070664763,0.001315747814130981,False
02_correct_driver_row_100263,100263,correct_driver,1,1,0.5309541821479797,alternate,73,432,438,176,182,179.0,0.0011958120157942176,0.0011981332584522233,False
02_correct_driver_row_100263,100263,correct_driver,1,1,0.5309541821479797,alternate,74,438,444,182,188,185.0,0.0023611844517290592,0.0023657678494541047,False
02_correct_driver_row_100263,100263,correct_driver,1,1,0.5309541821479797,alternate,75,444,450,188,194,191.0,0.0019434550777077675,0.001947227602795916,False
02_correct_driver_row_100263,100263,correct_driver,1,1,0.5309541821479797,alternate,76,450,456,194,200,197.0,0.001210298971273005,0.0012126483351897017,False
02_correct_driver_row_100263,100263,correct_driver,1,1,0.5309541821479797,alternate,77,456,462,200,206,203.0,0.00160748150665313,0.001610601858845544,False
02_correct_driver_row_100263,100263,correct_driver,1,1,0.5309541821479797,alternate,78,462,468,206,212,209.0,0.004392566159367561,0.00440109276038224,False
02_correct_driver_row_100263,100263,correct_driver,1,1,0.5309541821479797,alternate,79,468,474,212,218,215.0,0.0030459845438599586,0.003051897236796179,False
02_correct_driver_row_100263,100263,correct_driver,1,1,0.5309541821479797,alternate,80,474,480,218,224,221.0,0.002899151062592864,0.002904778730679159,False
02_correct_driver_row_100263,100263,correct_driver,1,1,0.5309541821479797,alternate,81,480,486,224,230,227.0,0.002850259654223919,0.002855792417073256,False
02_correct_driver_row_100263,100263,correct_driver,1,1,0.5309541821479797,alternate,82,486,492,230,236,233.0,0.002744681667536497,0.0027500094883688548,False
02_correct_driver_row_100263,100263,correct_driver,1,1,0.5309541821479797,alternate,83,492,498,236,242,239.0,0.002009890042245388,0.002013791527129584,False
02_correct_driver_row_100263,100263,correct_driver,1,1,0.5309541821479797,alternate,84,498,504,242,248,245.0,0.0026820942293852568,0.002687300559022198,False
02_correct_driver_row_100263,100263,correct_driver,1,1,0.5309541821479797,alternate,85,504,510,248,254,251.0,0.002318687504157424,0.002323188409211184,False
02_correct_driver_row_100263,100263,correct_driver,1,1,0.5309541821479797,alternate,86,510,511,254,255,254.5,0.001205433625727892,0.0012077735453109675,False
02_correct_driver_row_100263,100263,correct_driver,1,1,0.5309541821479797,alternate,87,511,512,255,256,255.5,0.00037594468449242413,0.00037667444705306765,False
03_correct_driver_row_112660,112660,correct_driver,1,1,0.965699017047882,reference,1,0,6,-256,-250,-253.0,0.000642870320007205,0.0006433443817357885,False
03_correct_driver_row_112660,112660,correct_driver,1,1,0.965699017047882,reference,2,6,12,-250,-244,-247.0,0.0008147058542817831,0.0008153066299803152,False
03_correct_driver_row_112660,112660,correct_driver,1,1,0.965699017047882,reference,3,12,18,-244,-238,-241.0,0.0009173296857625246,0.0009180061377357759,False
03_correct_driver_row_112660,112660,correct_driver,1,1,0.965699017047882,reference,4,18,24,-238,-232,-235.0,0.0011310366680845618,0.0011318707106298103,False
03_correct_driver_row_112660,112660,correct_driver,1,1,0.965699017047882,reference,5,24,30,-232,-226,-229.0,0.0009411008795723319,0.0009417948607624054,False
03_correct_driver_row_112660,112660,correct_driver,1,1,0.965699017047882,reference,6,30,36,-226,-220,-223.0,0.001095735584385693,0.001096543595409127,False
03_correct_driver_row_112660,112660,correct_driver,1,1,0.965699017047882,reference,7,36,42,-220,-214,-217.0,0.0013627675361931324,0.001363772460380421,False
03_correct_driver_row_112660,112660,correct_driver,1,1,0.965699017047882,reference,8,42,48,-214,-208,-211.0,0.0013997370842844248,0.0014007692703429302,False
03_correct_driver_row_112660,112660,correct_driver,1,1,0.965699017047882,reference,9,48,54,-208,-202,-205.0,0.0010115414625033736,0.0010122873875823893,False
03_correct_driver_row_112660,112660,correct_driver,1,1,0.965699017047882,reference,10,54,60,-202,-196,-199.0,0.001316116307862103,0.0013170868307692968,False
03_correct_driver_row_112660,112660,correct_driver,1,1,0.965699017047882,reference,11,60,66,-196,-190,-193.0,0.0008714988944120705,0.0008721415501071397,False
03_correct_driver_row_112660,112660,correct_driver,1,1,0.965699017047882,reference,12,66,72,-190,-184,-187.0,0.0007277370896190405,0.0007282737333120566,False
03_correct_driver_row_112660,112660,correct_driver,1,1,0.965699017047882,reference,13,72,78,-184,-178,-181.0,0.0009712651954032481,0.0009719814201893615,False
03_correct_driver_row_112660,112660,correct_driver,1,1,0.965699017047882,reference,14,78,84,-178,-172,-175.0,0.0006131788832135499,0.0006136310500538294,False
03_correct_driver_row_112660,112660,correct_driver,1,1,0.965699017047882,reference,15,84,90,-172,-166,-169.0,0.0008548623882234097,0.0008554927759219079,False
03_correct_driver_row_112660,112660,correct_driver,1,1,0.965699017047882,reference,16,90,96,-166,-160,-163.0,0.000977616524323821,0.0009783374326703248,False
03_correct_driver_row_112660,112660,correct_driver,1,1,0.965699017047882,reference,17,96,102,-160,-154,-157.0,0.0015023077139630914,0.0015034155370645492,False
03_correct_driver_row_112660,112660,correct_driver,1,1,0.965699017047882,reference,18,102,108,-154,-148,-151.0,0.001851355074904859,0.0018527202905007842,False
03_correct_driver_row_112660,112660,correct_driver,1,1,0.965699017047882,reference,19,108,114,-148,-142,-145.0,0.002161541022360325,0.0021631349734910175,False
03_correct_driver_row_112660,112660,correct_driver,1,1,0.965699017047882,reference,20,114,120,-142,-136,-139.0,0.003265615087002516,0.0032680231980707253,False
03_correct_driver_row_112660,112660,correct_driver,1,1,0.965699017047882,reference,21,120,126,-136,-130,-133.0,0.0025355140678584576,0.002537383792038356,False
03_correct_driver_row_112660,112660,correct_driver,1,1,0.965699017047882,reference,22,126,132,-130,-124,-127.0,0.003331233048811555,0.003333689547499216,False
03_correct_driver_row_112660,112660,correct_driver,1,1,0.965699017047882,reference,23,132,138,-124,-118,-121.0,0.0034935318399220705,0.003496108020049466,False
03_correct_driver_row_112660,112660,correct_driver,1,1,0.965699017047882,reference,24,138,144,-118,-112,-115.0,0.003985734190791845,0.0039886733279418385,False
03_correct_driver_row_112660,112660,correct_driver,1,1,0.965699017047882,reference,25,144,150,-112,-106,-109.0,0.003158964216709137,0.003161293681906861,False
03_correct_driver_row_112660,112660,correct_driver,1,1,0.965699017047882,reference,26,150,156,-106,-100,-103.0,0.0029321054462343454,0.002934267622544204,False
03_correct_driver_row_112660,112660,correct_driver,1,1,0.965699017047882,reference,27,156,162,-100,-94,-97.0,0.00212847045622766,0.0021300400206519547,False
03_correct_driver_row_112660,112660,correct_driver,1,1,0.965699017047882,reference,28,162,168,-94,-88,-91.0,0.002718974370509386,0.0027209793809289734,False
03_correct_driver_row_112660,112660,correct_driver,1,1,0.965699017047882,reference,29,168,174,-88,-82,-85.0,0.002457976806908846,0.0024597893540083734,False
03_correct_driver_row_112660,112660,correct_driver,1,1,0.965699017047882,reference,30,174,180,-82,-76,-79.0,0.003023779485374689,0.0030260092634264678,False
03_correct_driver_row_112660,112660,correct_driver,1,1,0.965699017047882,reference,31,180,186,-76,-70,-73.0,0.006187358871102333,0.006191921517643191,False
03_correct_driver_row_112660,112660,correct_driver,1,1,0.965699017047882,reference,32,186,192,-70,-64,-67.0,0.006639162078499794,0.00664405789115956,False
03_correct_driver_row_112660,112660,correct_driver,1,1,0.965699017047882,reference,33,192,198,-64,-58,-61.0,0.006056278012692928,0.006060743998342176,False
03_correct_driver_row_112660,112660,correct_driver,1,1,0.965699017047882,reference,34,198,204,-58,-52,-55.0,0.0073353881016373634,0.007340797321280999,False
03_correct_driver_row_112660,112660,correct_driver,1,1,0.965699017047882,reference,35,204,210,-52,-46,-49.0,0.008233223110437393,0.008239294406401879,False
03_correct_driver_row_112660,112660,correct_driver,1,1,0.965699017047882,reference,36,210,216,-46,-40,-43.0,0.010096200741827488,0.010103645824026558,False
03_correct_driver_row_112660,112660,correct_driver,1,1,0.965699017047882,reference,37,216,222,-40,-34,-37.0,0.013445883989334106,0.013455799175660092,False
03_correct_driver_row_112660,112660,correct_driver,1,1,0.965699017047882,reference,38,222,228,-34,-28,-31.0,0.02105901390314102,0.021074543119878036,False
03_correct_driver_row_112660,112660,correct_driver,1,1,0.965699017047882,reference,39,228,234,-28,-22,-25.0,0.036181867122650146,0.03620854814670388,False
03_correct_driver_row_112660,112660,correct_driver,1,1,0.965699017047882,reference,40,234,240,-22,-16,-19.0,0.03545341640710831,0.0354795602612311,False
03_correct_driver_row_112660,112660,correct_driver,1,1,0.965699017047882,reference,41,240,246,-16,-10,-13.0,0.06534790247678757,0.06539609095064199,False
03_correct_driver_row_112660,112660,correct_driver,1,1,0.965699017047882,reference,42,246,252,-10,-4,-7.0,0.11244815587997437,0.11253107675140593,False
03_correct_driver_row_112660,112660,correct_driver,1,1,0.965699017047882,reference,43,252,258,-4,2,-1.0,0.13867545127868652,0.13877771253122737,True
03_correct_driver_row_112660,112660,correct_driver,1,1,0.965699017047882,reference,44,258,264,2,8,5.0,0.17943477630615234,0.1795670940653899,False
03_correct_driver_row_112660,112660,correct_driver,1,1,0.965699017047882,reference,45,264,270,8,14,11.0,0.08234307169914246,0.08240379265279626,False
03_correct_driver_row_112660,112660,correct_driver,1,1,0.965699017047882,reference,46,270,276,14,20,17.0,0.049855537712574005,0.049892301896036724,False
03_correct_driver_row_112660,112660,correct_driver,1,1,0.965699017047882,reference,47,276,282,20,26,23.0,0.02986433357000351,0.029886355954852496,False
03_correct_driver_row_112660,112660,correct_driver,1,1,0.965699017047882,reference,48,282,288,26,32,29.0,0.01982712745666504,0.0198417482627941,False
03_correct_driver_row_112660,112660,correct_driver,1,1,0.965699017047882,reference,49,288,294,32,38,35.0,0.013248545117676258,0.013258314783508134,False
03_correct_driver_row_112660,112660,correct_driver,1,1,0.965699017047882,reference,50,294,300,38,44,41.0,0.010634102858603,0.010641944597482822,False
03_correct_driver_row_112660,112660,correct_driver,1,1,0.965699017047882,reference,51,300,306,44,50,47.0,0.01013745367527008,0.010144929177969723,False
03_correct_driver_row_112660,112660,correct_driver,1,1,0.965699017047882,reference,52,306,312,50,56,53.0,0.006835302338004112,0.006840342787284316,False
03_correct_driver_row_112660,112660,correct_driver,1,1,0.965699017047882,reference,53,312,318,56,62,59.0,0.006573474034667015,0.0065783214080278474,False
03_correct_driver_row_112660,112660,correct_driver,1,1,0.965699017047882,reference,54,318,324,62,68,65.0,0.005287600215524435,0.005291499367219915,False
03_correct_driver_row_112660,112660,correct_driver,1,1,0.965699017047882,reference,55,324,330,68,74,71.0,0.004347541369497776,0.004350747308413558,False
03_correct_driver_row_112660,112660,correct_driver,1,1,0.965699017047882,reference,56,330,336,74,80,77.0,0.003903496777638793,0.003906375271749248,False
03_correct_driver_row_112660,112660,correct_driver,1,1,0.965699017047882,reference,57,336,342,80,86,83.0,0.002721295692026615,0.0027233024142217454,False
03_correct_driver_row_112660,112660,correct_driver,1,1,0.965699017047882,reference,58,342,348,86,92,89.0,0.0022216220386326313,0.0022232602943602895,False
03_correct_driver_row_112660,112660,correct_driver,1,1,0.965699017047882,reference,59,348,354,92,98,95.0,0.0024154880084097385,0.002417269223664203,False
03_correct_driver_row_112660,112660,correct_driver,1,1,0.965699017047882,reference,60,354,360,98,104,101.0,0.0027832521591335535,0.002785304568909802,False
03_correct_driver_row_112660,112660,correct_driver,1,1,0.965699017047882,reference,61,360,366,104,110,107.0,0.002792411483824253,0.002794470647816959,False
03_correct_driver_row_112660,112660,correct_driver,1,1,0.965699017047882,reference,62,366,372,110,116,113.0,0.002398416865617037,0.0024001854923677095,False
03_correct_driver_row_112660,112660,correct_driver,1,1,0.965699017047882,reference,63,372,378,116,122,119.0,0.0020195944234728813,0.0020210837011602045,False
03_correct_driver_row_112660,112660,correct_driver,1,1,0.965699017047882,reference,64,378,384,122,128,125.0,0.0023094331845641136,0.002311136193481231,False
03_correct_driver_row_112660,112660,correct_driver,1,1,0.965699017047882,reference,65,384,390,128,134,131.0,0.002061490435153246,0.0020630106075561904,False
03_correct_driver_row_112660,112660,correct_driver,1,1,0.965699017047882,reference,66,390,396,134,140,137.0,0.0012100813910365105,0.0012109737222860773,False
03_correct_driver_row_112660,112660,correct_driver,1,1,0.965699017047882,reference,67,396,402,140,146,143.0,0.0010581277310848236,0.0010589080095416896,False
03_correct_driver_row_112660,112660,correct_driver,1,1,0.965699017047882,reference,68,402,408,146,152,149.0,0.0008968804031610489,0.0008975417755421076,False
03_correct_driver_row_112660,112660,correct_driver,1,1,0.965699017047882,reference,69,408,414,152,158,155.0,0.0008614279795438051,0.0008620632088028385,False
03_correct_driver_row_112660,112660,correct_driver,1,1,0.965699017047882,reference,70,414,420,158,164,161.0,0.0009531290270388126,0.0009538318779561113,False
03_correct_driver_row_112660,112660,correct_driver,1,1,0.965699017047882,reference,71,420,426,164,170,167.0,0.0011955489171668887,0.0011964305319632786,False
03_correct_driver_row_112660,112660,correct_driver,1,1,0.965699017047882,reference,72,426,432,170,176,173.0,0.0012132290285080671,0.0012141236808703285,False
03_correct_driver_row_112660,112660,correct_driver,1,1,0.965699017047882,reference,73,432,438,176,182,179.0,0.0009815023513510823,0.000982226125161771,False
03_correct_driver_row_112660,112660,correct_driver,1,1,0.965699017047882,reference,74,438,444,182,188,185.0,0.0013247777242213488,0.0013257546341803063,False
03_correct_driver_row_112660,112660,correct_driver,1,1,0.965699017047882,reference,75,444,450,188,194,191.0,0.0013392033288255334,0.0013401908764307498,False
03_correct_driver_row_112660,112660,correct_driver,1,1,0.965699017047882,reference,76,450,456,194,200,197.0,0.0014979545958340168,0.001499059208884177,False
03_correct_driver_row_112660,112660,correct_driver,1,1,0.965699017047882,reference,77,456,462,200,206,203.0,0.0015774174826219678,0.0015785806927364138,False
03_correct_driver_row_112660,112660,correct_driver,1,1,0.965699017047882,reference,78,462,468,206,212,209.0,0.001684848451986909,0.0016860908832280045,False
03_correct_driver_row_112660,112660,correct_driver,1,1,0.965699017047882,reference,79,468,474,212,218,215.0,0.001802955288439989,0.0018042848133441518,False
03_correct_driver_row_112660,112660,correct_driver,1,1,0.965699017047882,reference,80,474,480,218,224,221.0,0.0021984796039760113,0.0022001007941428005,False
03_correct_driver_row_112660,112660,correct_driver,1,1,0.965699017047882,reference,81,480,486,224,230,227.0,0.0020917183719575405,0.002093260834871537,False
03_correct_driver_row_112660,112660,correct_driver,1,1,0.965699017047882,reference,82,486,492,230,236,233.0,0.0016816240968182683,0.001682864150373947,False
03_correct_driver_row_112660,112660,correct_driver,1,1,0.965699017047882,reference,83,492,498,236,242,239.0,0.0018834109650924802,0.0018847998191583123,False
03_correct_driver_row_112660,112660,correct_driver,1,1,0.965699017047882,reference,84,498,504,242,248,245.0,0.002855361206457019,0.0028574667904716117,False
03_correct_driver_row_112660,112660,correct_driver,1,1,0.965699017047882,reference,85,504,510,248,254,251.0,0.0018583276541903615,0.0018596980114655428,False
03_correct_driver_row_112660,112660,correct_driver,1,1,0.965699017047882,reference,86,510,511,254,255,254.5,0.002438568975776434,0.002440367211264913,False
03_correct_driver_row_112660,112660,correct_driver,1,1,0.965699017047882,reference,87,511,512,255,256,255.5,0.001287681981921196,0.00128863153695153,False
03_correct_driver_row_112660,112660,correct_driver,1,1,0.965699017047882,alternate,1,0,6,-256,-250,-253.0,0.000689574284479022,0.0006901523610205733,False
03_correct_driver_row_112660,112660,correct_driver,1,1,0.965699017047882,alternate,2,6,12,-250,-244,-247.0,0.000873338314704597,0.000874070442343246,False
03_correct_driver_row_112660,112660,correct_driver,1,1,0.965699017047882,alternate,3,12,18,-244,-238,-241.0,0.0010234547080472112,0.0010243126796557513,False
03_correct_driver_row_112660,112660,correct_driver,1,1,0.965699017047882,alternate,4,18,24,-238,-232,-235.0,0.001451937248930335,0.0014531544214414088,False
03_correct_driver_row_112660,112660,correct_driver,1,1,0.965699017047882,alternate,5,24,30,-232,-226,-229.0,0.0011602939339354634,0.0011612666191408278,False
03_correct_driver_row_112660,112660,correct_driver,1,1,0.965699017047882,alternate,6,30,36,-226,-220,-223.0,0.0012539143208414316,0.0012549654888886004,False
03_correct_driver_row_112660,112660,correct_driver,1,1,0.965699017047882,alternate,7,36,42,-220,-214,-217.0,0.0016401258762925863,0.0016415008090817237,False
03_correct_driver_row_112660,112660,correct_driver,1,1,0.965699017047882,alternate,8,42,48,-214,-208,-211.0,0.0016773678362369537,0.0016787739893077776,False
03_correct_driver_row_112660,112660,correct_driver,1,1,0.965699017047882,alternate,9,48,54,-208,-202,-205.0,0.0012788660824298859,0.0012799381677710568,False
03_correct_driver_row_112660,112660,correct_driver,1,1,0.965699017047882,alternate,10,54,60,-202,-196,-199.0,0.0016068262048065662,0.0016081732221711281,False
03_correct_driver_row_112660,112660,correct_driver,1,1,0.965699017047882,alternate,11,60,66,-196,-190,-193.0,0.001059588510543108,0.0010604767734546303,False
03_correct_driver_row_112660,112660,correct_driver,1,1,0.965699017047882,alternate,12,66,72,-190,-184,-187.0,0.0008366634137928486,0.0008373647965206765,False
03_correct_driver_row_112660,112660,correct_driver,1,1,0.965699017047882,alternate,13,72,78,-184,-178,-181.0,0.0011662807082757354,0.0011672584122497567,False
03_correct_driver_row_112660,112660,correct_driver,1,1,0.965699017047882,alternate,14,78,84,-178,-172,-175.0,0.00068724958691746,0.0006878257146434061,False
03_correct_driver_row_112660,112660,correct_driver,1,1,0.965699017047882,alternate,15,84,90,-172,-166,-169.0,0.0010893800063058734,0.0010902932437056065,False
03_correct_driver_row_112660,112660,correct_driver,1,1,0.965699017047882,alternate,16,90,96,-166,-160,-163.0,0.0013218296226114035,0.0013229377246882328,False
03_correct_driver_row_112660,112660,correct_driver,1,1,0.965699017047882,alternate,17,96,102,-160,-154,-157.0,0.0022943085059523582,0.0022962318461293703,False
03_correct_driver_row_112660,112660,correct_driver,1,1,0.965699017047882,alternate,18,102,108,-154,-148,-151.0,0.002499725902453065,0.0025018214459456823,False
03_correct_driver_row_112660,112660,correct_driver,1,1,0.965699017047882,alternate,19,108,114,-148,-142,-145.0,0.002680722391232848,0.002682969665766808,False
03_correct_driver_row_112660,112660,correct_driver,1,1,0.965699017047882,alternate,20,114,120,-142,-136,-139.0,0.0037511386908590794,0.00375428330534094,False
03_correct_driver_row_112660,112660,correct_driver,1,1,0.965699017047882,alternate,21,120,126,-136,-130,-133.0,0.00295865535736084,0.0029611356256874317,False
03_correct_driver_row_112660,112660,correct_driver,1,1,0.965699017047882,alternate,22,126,132,-130,-124,-127.0,0.0031751543283462524,0.0031778160897754926,False
03_correct_driver_row_112660,112660,correct_driver,1,1,0.965699017047882,alternate,23,132,138,-124,-118,-121.0,0.004259862937033176,0.004263434019786043,False
03_correct_driver_row_112660,112660,correct_driver,1,1,0.965699017047882,alternate,24,138,144,-118,-112,-115.0,0.004650351125746965,0.004654249558383273,False
03_correct_driver_row_112660,112660,correct_driver,1,1,0.965699017047882,alternate,25,144,150,-112,-106,-109.0,0.0038987405132502317,0.003902008863713748,False
03_correct_driver_row_112660,112660,correct_driver,1,1,0.965699017047882,alternate,26,150,156,-106,-100,-103.0,0.0037872919347137213,0.003790466856796436,False
03_correct_driver_row_112660,112660,correct_driver,1,1,0.965699017047882,alternate,27,156,162,-100,-94,-97.0,0.0028080851770937443,0.002810439221036642,False
03_correct_driver_row_112660,112660,correct_driver,1,1,0.965699017047882,alternate,28,162,168,-94,-88,-91.0,0.003659848589450121,0.0036629166745902,False
03_correct_driver_row_112660,112660,correct_driver,1,1,0.965699017047882,alternate,29,168,174,-88,-82,-85.0,0.003190784715116024,0.0031934595796439882,False
03_correct_driver_row_112660,112660,correct_driver,1,1,0.965699017047882,alternate,30,174,180,-82,-76,-79.0,0.0037393944803625345,0.003742529249563415,False
03_correct_driver_row_112660,112660,correct_driver,1,1,0.965699017047882,alternate,31,180,186,-76,-70,-73.0,0.006580845918506384,0.006586362702897389,False
03_correct_driver_row_112660,112660,correct_driver,1,1,0.965699017047882,alternate,32,186,192,-70,-64,-67.0,0.0072503467090427876,0.007256424742178518,False
03_correct_driver_row_112660,112660,correct_driver,1,1,0.965699017047882,alternate,33,192,198,-64,-58,-61.0,0.007236337289214134,0.007242403578122817,False
03_correct_driver_row_112660,112660,correct_driver,1,1,0.965699017047882,alternate,34,198,204,-58,-52,-55.0,0.008232884109020233,0.008239785812404272,False
03_correct_driver_row_112660,112660,correct_driver,1,1,0.965699017047882,alternate,35,204,210,-52,-46,-49.0,0.010091811418533325,0.010100271477984674,False
03_correct_driver_row_112660,112660,correct_driver,1,1,0.965699017047882,alternate,36,210,216,-46,-40,-43.0,0.012716631405055523,0.012727291875534598,False
03_correct_driver_row_112660,112660,correct_driver,1,1,0.965699017047882,alternate,37,216,222,-40,-34,-37.0,0.016013668850064278,0.016027093257723835,False
03_correct_driver_row_112660,112660,correct_driver,1,1,0.965699017047882,alternate,38,222,228,-34,-28,-31.0,0.02335314266383648,0.023372719820713296,False
03_correct_driver_row_112660,112660,correct_driver,1,1,0.965699017047882,alternate,39,228,234,-28,-22,-25.0,0.04039410129189491,0.040427964043014665,False
03_correct_driver_row_112660,112660,correct_driver,1,1,0.965699017047882,alternate,40,234,240,-22,-16,-19.0,0.04102421551942825,0.04105860650117034,False
03_correct_driver_row_112660,112660,correct_driver,1,1,0.965699017047882,alternate,41,240,246,-16,-10,-13.0,0.06975089013576508,0.06980936295623905,False
03_correct_driver_row_112660,112660,correct_driver,1,1,0.965699017047882,alternate,42,246,252,-10,-4,-7.0,0.11450681835412979,0.11460281048583786,False
03_correct_driver_row_112660,112660,correct_driver,1,1,0.965699017047882,alternate,43,252,258,-4,2,-1.0,0.12745428085327148,0.12756112696331348,True
03_correct_driver_row_112660,112660,correct_driver,1,1,0.965699017047882,alternate,44,258,264,2,8,5.0,0.1740831881761551,0.17422912373324903,False
03_correct_driver_row_112660,112660,correct_driver,1,1,0.965699017047882,alternate,45,264,270,8,14,11.0,0.07399741560220718,0.07405944832450828,False
03_correct_driver_row_112660,112660,correct_driver,1,1,0.965699017047882,alternate,46,270,276,14,20,17.0,0.0428803488612175,0.04291629585681774,False
03_correct_driver_row_112660,112660,correct_driver,1,1,0.965699017047882,alternate,47,276,282,20,26,23.0,0.026173610240221024,0.026195551821321328,False
03_correct_driver_row_112660,112660,correct_driver,1,1,0.965699017047882,alternate,48,282,288,26,32,29.0,0.019067326560616493,0.01908331087795965,False
03_correct_driver_row_112660,112660,correct_driver,1,1,0.965699017047882,alternate,49,288,294,32,38,35.0,0.011897624470293522,0.011907598359635495,False
03_correct_driver_row_112660,112660,correct_driver,1,1,0.965699017047882,alternate,50,294,300,38,44,41.0,0.009131720289587975,0.009139375495708962,False
03_correct_driver_row_112660,112660,correct_driver,1,1,0.965699017047882,alternate,51,300,306,44,50,47.0,0.010065652430057526,0.010074090560185336,False
03_correct_driver_row_112660,112660,correct_driver,1,1,0.965699017047882,alternate,52,306,312,50,56,53.0,0.006616091821342707,0.006621638152702144,False
03_correct_driver_row_112660,112660,correct_driver,1,1,0.965699017047882,alternate,53,312,318,56,62,59.0,0.006341633386909962,0.00634694963720903,False
03_correct_driver_row_112660,112660,correct_driver,1,1,0.965699017047882,alternate,54,318,324,62,68,65.0,0.005170537158846855,0.005174871668276839,False
03_correct_driver_row_112660,112660,correct_driver,1,1,0.965699017047882,alternate,55,324,330,68,74,71.0,0.004659465979784727,0.004663372053488019,False
03_correct_driver_row_112660,112660,correct_driver,1,1,0.965699017047882,alternate,56,330,336,74,80,77.0,0.004074065014719963,0.004077480341345062,False
03_correct_driver_row_112660,112660,correct_driver,1,1,0.965699017047882,alternate,57,336,342,80,86,83.0,0.0030235648155212402,0.003026099498050815,False
03_correct_driver_row_112660,112660,correct_driver,1,1,0.965699017047882,alternate,58,342,348,86,92,89.0,0.0023228470236063004,0.002324794287888311,False
03_correct_driver_row_112660,112660,correct_driver,1,1,0.965699017047882,alternate,59,348,354,92,98,95.0,0.0026710564270615578,0.0026732955985277773,False
03_correct_driver_row_112660,112660,correct_driver,1,1,0.965699017047882,alternate,60,354,360,98,104,101.0,0.002975360956043005,0.0029778552288284754,False
03_correct_driver_row_112660,112660,correct_driver,1,1,0.965699017047882,alternate,61,360,366,104,110,107.0,0.0030709481798112392,0.0030735225842561643,False
03_correct_driver_row_112660,112660,correct_driver,1,1,0.965699017047882,alternate,62,366,372,110,116,113.0,0.0026337322778999805,0.0026359401601845278,False
03_correct_driver_row_112660,112660,correct_driver,1,1,0.965699017047882,alternate,63,372,378,116,122,119.0,0.00217373576015234,0.0021755580230742016,False
03_correct_driver_row_112660,112660,correct_driver,1,1,0.965699017047882,alternate,64,378,384,122,128,125.0,0.002365514636039734,0.0023674976689784175,False
03_correct_driver_row_112660,112660,correct_driver,1,1,0.965699017047882,alternate,65,384,390,128,134,131.0,0.002156367991119623,0.0021581756944790377,False
03_correct_driver_row_112660,112660,correct_driver,1,1,0.965699017047882,alternate,66,390,396,134,140,137.0,0.0011329719563946128,0.0011339217373318791,False
03_correct_driver_row_112660,112660,correct_driver,1,1,0.965699017047882,alternate,67,396,402,140,146,143.0,0.0009878842392936349,0.0009887123918471128,False
03_correct_driver_row_112660,112660,correct_driver,1,1,0.965699017047882,alternate,68,402,408,146,152,149.0,0.0008185386541299522,0.0008192248427030412,False
03_correct_driver_row_112660,112660,correct_driver,1,1,0.965699017047882,alternate,69,408,414,152,158,155.0,0.0007654763758182526,0.000766118081789505,False
03_correct_driver_row_112660,112660,correct_driver,1,1,0.965699017047882,alternate,70,414,420,158,164,161.0,0.000816553772892803,0.0008172382975214747,False
03_correct_driver_row_112660,112660,correct_driver,1,1,0.965699017047882,alternate,71,420,426,164,170,167.0,0.001026411191560328,0.0010272716416165175,False
03_correct_driver_row_112660,112660,correct_driver,1,1,0.965699017047882,alternate,72,426,432,170,176,173.0,0.0009821208659559488,0.0009829441870199095,False
03_correct_driver_row_112660,112660,correct_driver,1,1,0.965699017047882,alternate,73,432,438,176,182,179.0,0.0007938948110677302,0.000794560340477784,False
03_correct_driver_row_112660,112660,correct_driver,1,1,0.965699017047882,alternate,74,438,444,182,188,185.0,0.0013400628231465816,0.0013411862102851427,False
03_correct_driver_row_112660,112660,correct_driver,1,1,0.965699017047882,alternate,75,444,450,188,194,191.0,0.0011915714712813497,0.0011925703767374167,False
03_correct_driver_row_112660,112660,correct_driver,1,1,0.965699017047882,alternate,76,450,456,194,200,197.0,0.0013611781178042293,0.0013623192060908526,False
03_correct_driver_row_112660,112660,correct_driver,1,1,0.965699017047882,alternate,77,456,462,200,206,203.0,0.0014900435926392674,0.0014912927100529836,False
03_correct_driver_row_112660,112660,correct_driver,1,1,0.965699017047882,alternate,78,462,468,206,212,209.0,0.0015965215861797333,0.0015978599650865802,False
03_correct_driver_row_112660,112660,correct_driver,1,1,0.965699017047882,alternate,79,468,474,212,218,215.0,0.001561552518978715,0.0015628615829910192,False
03_correct_driver_row_112660,112660,correct_driver,1,1,0.965699017047882,alternate,80,474,480,218,224,221.0,0.0019472490530461073,0.0019488814500531599,False
03_correct_driver_row_112660,112660,correct_driver,1,1,0.965699017047882,alternate,81,480,486,224,230,227.0,0.0018210365669801831,0.0018225631588853232,False
03_correct_driver_row_112660,112660,correct_driver,1,1,0.965699017047882,alternate,82,486,492,230,236,233.0,0.0015309422742575407,0.001532225677416761,False
03_correct_driver_row_112660,112660,correct_driver,1,1,0.965699017047882,alternate,83,492,498,236,242,239.0,0.0018922032322734594,0.0018937894838565667,False
03_correct_driver_row_112660,112660,correct_driver,1,1,0.965699017047882,alternate,84,498,504,242,248,245.0,0.003012128174304962,0.0030146532693917476,False
03_correct_driver_row_112660,112660,correct_driver,1,1,0.965699017047882,alternate,85,504,510,248,254,251.0,0.0019665760919451714,0.001968224690988838,False
03_correct_driver_row_112660,112660,correct_driver,1,1,0.965699017047882,alternate,86,510,511,254,255,254.5,0.001915449509397149,0.0019170552485507561,False
03_correct_driver_row_112660,112660,correct_driver,1,1,0.965699017047882,alternate,87,511,512,255,256,255.5,0.0008834881009534001,0.0008842287372523404,False
04_correct_passenger_row_103194,103194,correct_passenger,0,0,0.3029424250125885,reference,1,0,6,-256,-250,-253.0,0.0006512498948723078,0.0006516797473774997,False
04_correct_passenger_row_103194,103194,correct_passenger,0,0,0.3029424250125885,reference,2,6,12,-250,-244,-247.0,0.0009188779513351619,0.0009194844496892607,False
04_correct_passenger_row_103194,103194,correct_passenger,0,0,0.3029424250125885,reference,3,12,18,-244,-238,-241.0,0.0010855168802663684,0.0010862333673692217,False
04_correct_passenger_row_103194,103194,correct_passenger,0,0,0.3029424250125885,reference,4,18,24,-238,-232,-235.0,0.001248795073479414,0.001249619331103151,False
04_correct_passenger_row_103194,103194,correct_passenger,0,0,0.3029424250125885,reference,5,24,30,-232,-226,-229.0,0.0008364038076251745,0.0008369558695523864,False
04_correct_passenger_row_103194,103194,correct_passenger,0,0,0.3029424250125885,reference,6,30,36,-226,-220,-223.0,0.0009177716565318406,0.0009183774246845274,False
04_correct_passenger_row_103194,103194,correct_passenger,0,0,0.3029424250125885,reference,7,36,42,-220,-214,-217.0,0.0009494725964032114,0.0009500992885184631,False
04_correct_passenger_row_103194,103194,correct_passenger,0,0,0.3029424250125885,reference,8,42,48,-214,-208,-211.0,0.0011681513860821724,0.0011689224154576923,False
04_correct_passenger_row_103194,103194,correct_passenger,0,0,0.3029424250125885,reference,9,48,54,-208,-202,-205.0,0.0012333490885794163,0.0012341631511991206,False
04_correct_passenger_row_103194,103194,correct_passenger,0,0,0.3029424250125885,reference,10,54,60,-202,-196,-199.0,0.0012962674954906106,0.0012971230869229051,False
04_correct_passenger_row_103194,103194,correct_passenger,0,0,0.3029424250125885,reference,11,60,66,-196,-190,-193.0,0.0011681464966386557,0.001168917522786936,False
04_correct_passenger_row_103194,103194,correct_passenger,0,0,0.3029424250125885,reference,12,66,72,-190,-184,-187.0,0.001057664048857987,0.0010583621519127937,False
04_correct_passenger_row_103194,103194,correct_passenger,0,0,0.3029424250125885,reference,13,72,78,-184,-178,-181.0,0.0008275732980109751,0.000828119531427949,False
04_correct_passenger_row_103194,103194,correct_passenger,0,0,0.3029424250125885,reference,14,78,84,-178,-172,-175.0,0.0011802454246208072,0.0011810244365738365,False
04_correct_passenger_row_103194,103194,correct_passenger,0,0,0.3029424250125885,reference,15,84,90,-172,-166,-169.0,0.0015602585626766086,0.0015612883993908935,False
04_correct_passenger_row_103194,103194,correct_passenger,0,0,0.3029424250125885,reference,16,90,96,-166,-160,-163.0,0.003118456806987524,0.0031205151205187364,False
04_correct_passenger_row_103194,103194,correct_passenger,0,0,0.3029424250125885,reference,17,96,102,-160,-154,-157.0,0.001258098054677248,0.0012589284526624731,False
04_correct_passenger_row_103194,103194,correct_passenger,0,0,0.3029424250125885,reference,18,102,108,-154,-148,-151.0,0.0013073510490357876,0.0013082139560827107,False
04_correct_passenger_row_103194,103194,correct_passenger,0,0,0.3029424250125885,reference,19,108,114,-148,-142,-145.0,0.0016326645854860544,0.0016337422132411375,False
04_correct_passenger_row_103194,103194,correct_passenger,0,0,0.3029424250125885,reference,20,114,120,-142,-136,-139.0,0.0023130401968955994,0.002314566901362001,False
04_correct_passenger_row_103194,103194,correct_passenger,0,0,0.3029424250125885,reference,21,120,126,-136,-130,-133.0,0.003577664727345109,0.003580026137547083,False
04_correct_passenger_row_103194,103194,correct_passenger,0,0,0.3029424250125885,reference,22,126,132,-130,-124,-127.0,0.004462928045541048,0.004465873767015971,False
04_correct_passenger_row_103194,103194,correct_passenger,0,0,0.3029424250125885,reference,23,132,138,-124,-118,-121.0,0.0030296137556433678,0.003031613428998989,False
04_correct_passenger_row_103194,103194,correct_passenger,0,0,0.3029424250125885,reference,24,138,144,-118,-112,-115.0,0.0028168666176497936,0.002818725868886411,False
04_correct_passenger_row_103194,103194,correct_passenger,0,0,0.3029424250125885,reference,25,144,150,-112,-106,-109.0,0.0023878251668065786,0.0023894012325195923,False
04_correct_passenger_row_103194,103194,correct_passenger,0,0,0.3029424250125885,reference,26,150,156,-106,-100,-103.0,0.003144187619909644,0.0031462629168668536,False
04_correct_passenger_row_103194,103194,correct_passenger,0,0,0.3029424250125885,reference,27,156,162,-100,-94,-97.0,0.00475827744230628,0.00476141810688846,False
04_correct_passenger_row_103194,103194,correct_passenger,0,0,0.3029424250125885,reference,28,162,168,-94,-88,-91.0,0.004418773110955954,0.004421689688304487,False
04_correct_passenger_row_103194,103194,correct_passenger,0,0,0.3029424250125885,reference,29,168,174,-88,-82,-85.0,0.0038552298210561275,0.0038577744359723364,False
04_correct_passenger_row_103194,103194,correct_passenger,0,0,0.3029424250125885,reference,30,174,180,-82,-76,-79.0,0.004972606431692839,0.004975888562482918,False
04_correct_passenger_row_103194,103194,correct_passenger,0,0,0.3029424250125885,reference,31,180,186,-76,-70,-73.0,0.005428021773695946,0.005431604497894492,False
04_correct_passenger_row_103194,103194,correct_passenger,0,0,0.3029424250125885,reference,32,186,192,-70,-64,-67.0,0.00690553430467844,0.006910092249706803,False
04_correct_passenger_row_103194,103194,correct_passenger,0,0,0.3029424250125885,reference,33,192,198,-64,-58,-61.0,0.008629988878965378,0.008635685037027913,False
04_correct_passenger_row_103194,103194,correct_passenger,0,0,0.3029424250125885,reference,34,198,204,-58,-52,-55.0,0.010981330648064613,0.01098857879125293,False
04_correct_passenger_row_103194,103194,correct_passenger,0,0,0.3029424250125885,reference,35,204,210,-52,-46,-49.0,0.012167174369096756,0.012175205219350772,False
04_correct_passenger_row_103194,103194,correct_passenger,0,0,0.3029424250125885,reference,36,210,216,-46,-40,-43.0,0.012848200276494026,0.012856680632682247,False
04_correct_passenger_row_103194,103194,correct_passenger,0,0,0.3029424250125885,reference,37,216,222,-40,-34,-37.0,0.015821270644664764,0.015831713353178768,False
04_correct_passenger_row_103194,103194,correct_passenger,0,0,0.3029424250125885,reference,38,222,228,-34,-28,-31.0,0.020251771435141563,0.020265138461769146,False
04_correct_passenger_row_103194,103194,correct_passenger,0,0,0.3029424250125885,reference,39,228,234,-28,-22,-25.0,0.03709420561790466,0.03711868936421849,False
04_correct_passenger_row_103194,103194,correct_passenger,0,0,0.3029424250125885,reference,40,234,240,-22,-16,-19.0,0.0574074387550354,0.05744533009530248,False
04_correct_passenger_row_103194,103194,correct_passenger,0,0,0.3029424250125885,reference,41,240,246,-16,-10,-13.0,0.09225396811962128,0.09231485964470611,False
04_correct_passenger_row_103194,103194,correct_passenger,0,0,0.3029424250125885,reference,42,246,252,-10,-4,-7.0,0.10385686904191971,0.10392541897289177,False
04_correct_passenger_row_103194,103194,correct_passenger,0,0,0.3029424250125885,reference,43,252,258,-4,2,-1.0,0.09824700653553009,0.0983118537197207,True
04_correct_passenger_row_103194,103194,correct_passenger,0,0,0.3029424250125885,reference,44,258,264,2,8,5.0,0.12854842841625214,0.12863327582187672,False
04_correct_passenger_row_103194,103194,correct_passenger,0,0,0.3029424250125885,reference,45,264,270,8,14,11.0,0.0637093186378479,0.06375136948566557,False
04_correct_passenger_row_103194,103194,correct_passenger,0,0,0.3029424250125885,reference,46,270,276,14,20,17.0,0.0486401729285717,0.048672277502178445,False
04_correct_passenger_row_103194,103194,correct_passenger,0,0,0.3029424250125885,reference,47,276,282,20,26,23.0,0.03789336234331131,0.037918373566901004,False
04_correct_passenger_row_103194,103194,correct_passenger,0,0,0.3029424250125885,reference,48,282,288,26,32,29.0,0.022918308153748512,0.022933435207514227,False
04_correct_passenger_row_103194,103194,correct_passenger,0,0,0.3029424250125885,reference,49,288,294,32,38,35.0,0.014090551063418388,0.014099851423728361,False
04_correct_passenger_row_103194,103194,correct_passenger,0,0,0.3029424250125885,reference,50,294,300,38,44,41.0,0.012815210968255997,0.012823669550103979,False
04_correct_passenger_row_103194,103194,correct_passenger,0,0,0.3029424250125885,reference,51,300,306,44,50,47.0,0.009993689134716988,0.01000028539268876,False
04_correct_passenger_row_103194,103194,correct_passenger,0,0,0.3029424250125885,reference,52,306,312,50,56,53.0,0.010168123990297318,0.01017483538265952,False
04_correct_passenger_row_103194,103194,correct_passenger,0,0,0.3029424250125885,reference,53,312,318,56,62,59.0,0.00858166441321373,0.008587328675082762,False
04_correct_passenger_row_103194,103194,correct_passenger,0,0,0.3029424250125885,reference,54,318,324,62,68,65.0,0.008281347341835499,0.008286813381721693,False
04_correct_passenger_row_103194,103194,correct_passenger,0,0,0.3029424250125885,reference,55,324,330,68,74,71.0,0.006763201206922531,0.006767665206079848,False
04_correct_passenger_row_103194,103194,correct_passenger,0,0,0.3029424250125885,reference,56,330,336,74,80,77.0,0.006581454537808895,0.00658579857646926,False
04_correct_passenger_row_103194,103194,correct_passenger,0,0,0.3029424250125885,reference,57,336,342,80,86,83.0,0.004878711886703968,0.004881932043118766,False
04_correct_passenger_row_103194,103194,correct_passenger,0,0,0.3029424250125885,reference,58,342,348,86,92,89.0,0.006859536748379469,0.006864064333073091,False
04_correct_passenger_row_103194,103194,correct_passenger,0,0,0.3029424250125885,reference,59,348,354,92,98,95.0,0.008505876176059246,0.008511490414482806,False
04_correct_passenger_row_103194,103194,correct_passenger,0,0,0.3029424250125885,reference,60,354,360,98,104,101.0,0.009354242123663425,0.009360416319533072,False
04_correct_passenger_row_103194,103194,correct_passenger,0,0,0.3029424250125885,reference,61,360,366,104,110,107.0,0.003704928560182452,0.003707373969902578,False
04_correct_passenger_row_103194,103194,correct_passenger,0,0,0.3029424250125885,reference,62,366,372,110,116,113.0,0.0031860556919127703,0.0031881586235702384,False
04_correct_passenger_row_103194,103194,correct_passenger,0,0,0.3029424250125885,reference,63,372,378,116,122,119.0,0.003171839751303196,0.0031739332998379443,False
04_correct_passenger_row_103194,103194,correct_passenger,0,0,0.3029424250125885,reference,64,378,384,122,128,125.0,0.0033945357427001,0.003396776280018343,False
04_correct_passenger_row_103194,103194,correct_passenger,0,0,0.3029424250125885,reference,65,384,390,128,134,131.0,0.003114487510174513,0.003116543203801765,False
04_correct_passenger_row_103194,103194,correct_passenger,0,0,0.3029424250125885,reference,66,390,396,134,140,137.0,0.00284482236020267,0.0028467000634130467,False
04_correct_passenger_row_103194,103194,correct_passenger,0,0,0.3029424250125885,reference,67,396,402,140,146,143.0,0.002154485322535038,0.0021559073740709885,False
04_correct_passenger_row_103194,103194,correct_passenger,0,0,0.3029424250125885,reference,68,402,408,146,152,149.0,0.0018024931196123362,0.0018036828413906536,False
04_correct_passenger_row_103194,103194,correct_passenger,0,0,0.3029424250125885,reference,69,408,414,152,158,155.0,0.0012325593270361423,0.001233372868379789,False
04_correct_passenger_row_103194,103194,correct_passenger,0,0,0.3029424250125885,reference,70,414,420,158,164,161.0,0.0012933003017678857,0.0012941539347266892,False
04_correct_passenger_row_103194,103194,correct_passenger,0,0,0.3029424250125885,reference,71,420,426,164,170,167.0,0.0011746773961931467,0.0011754527330116577,False
04_correct_passenger_row_103194,103194,correct_passenger,0,0,0.3029424250125885,reference,72,426,432,170,176,173.0,0.0010360516607761383,0.001036735498739721,False
04_correct_passenger_row_103194,103194,correct_passenger,0,0,0.3029424250125885,reference,73,432,438,176,182,179.0,0.0012322994880378246,0.0012331128578767306,False
04_correct_passenger_row_103194,103194,correct_passenger,0,0,0.3029424250125885,reference,74,438,444,182,188,185.0,0.0010926031973212957,0.001093324361693447,False
04_correct_passenger_row_103194,103194,correct_passenger,0,0,0.3029424250125885,reference,75,444,450,188,194,191.0,0.0011291789123788476,0.0011299242182715896,False
04_correct_passenger_row_103194,103194,correct_passenger,0,0,0.3029424250125885,reference,76,450,456,194,200,197.0,0.0014728575479239225,0.0014738296962678236,False
04_correct_passenger_row_103194,103194,correct_passenger,0,0,0.3029424250125885,reference,77,456,462,200,206,203.0,0.0014339466579258442,0.0014348931234348203,False
04_correct_passenger_row_103194,103194,correct_passenger,0,0,0.3029424250125885,reference,78,462,468,206,212,209.0,0.0017180637223646045,0.0017191977171659128,False
04_correct_passenger_row_103194,103194,correct_passenger,0,0,0.3029424250125885,reference,79,468,474,212,218,215.0,0.0015389029867947102,0.0015399187279246964,False
04_correct_passenger_row_103194,103194,correct_passenger,0,0,0.3029424250125885,reference,80,474,480,218,224,221.0,0.001202888903208077,0.0012036828608157214,False
04_correct_passenger_row_103194,103194,correct_passenger,0,0,0.3029424250125885,reference,81,480,486,224,230,227.0,0.0009775727521628141,0.000978217991570656,False
04_correct_passenger_row_103194,103194,correct_passenger,0,0,0.3029424250125885,reference,82,486,492,230,236,233.0,0.0008279808098450303,0.0008285273122370691,False
04_correct_passenger_row_103194,103194,correct_passenger,0,0,0.3029424250125885,reference,83,492,498,236,242,239.0,0.0016116105252876878,0.0016126742564715898,False
04_correct_passenger_row_103194,103194,correct_passenger,0,0,0.3029424250125885,reference,84,498,504,242,248,245.0,0.0014890908496454358,0.0014900737126558074,False
04_correct_passenger_row_103194,103194,correct_passenger,0,0,0.3029424250125885,reference,85,504,510,248,254,251.0,0.0012375903315842152,0.0012384071936038814,False
04_correct_passenger_row_103194,103194,correct_passenger,0,0,0.3029424250125885,reference,86,510,511,254,255,254.5,0.00041871541179716587,0.00041899178169778404,False
04_correct_passenger_row_103194,103194,correct_passenger,0,0,0.3029424250125885,reference,87,511,512,255,256,255.5,0.00021754662157036364,0.00021769021155174304,False
04_correct_passenger_row_103194,103194,correct_passenger,0,0,0.3029424250125885,alternate,1,0,6,-256,-250,-253.0,0.0006627280963584781,0.0006631631804791398,False
04_correct_passenger_row_103194,103194,correct_passenger,0,0,0.3029424250125885,alternate,2,6,12,-250,-244,-247.0,0.0010102273663505912,0.0010108905853807972,False
04_correct_passenger_row_103194,103194,correct_passenger,0,0,0.3029424250125885,alternate,3,12,18,-244,-238,-241.0,0.0011248709633946419,0.0011256094464869625,False
04_correct_passenger_row_103194,103194,correct_passenger,0,0,0.3029424250125885,alternate,4,18,24,-238,-232,-235.0,0.0012505503837019205,0.0012513713759263725,False
04_correct_passenger_row_103194,103194,correct_passenger,0,0,0.3029424250125885,alternate,5,24,30,-232,-226,-229.0,0.0009087600046768785,0.0009093566099056291,False
04_correct_passenger_row_103194,103194,correct_passenger,0,0,0.3029424250125885,alternate,6,30,36,-226,-220,-223.0,0.0009730013553053141,0.0009736401352837122,False
04_correct_passenger_row_103194,103194,correct_passenger,0,0,0.3029424250125885,alternate,7,36,42,-220,-214,-217.0,0.0010080195497721434,0.0010086813193603535,False
04_correct_passenger_row_103194,103194,correct_passenger,0,0,0.3029424250125885,alternate,8,42,48,-214,-208,-211.0,0.0012271685991436243,0.001227974241116246,False
04_correct_passenger_row_103194,103194,correct_passenger,0,0,0.3029424250125885,alternate,9,48,54,-208,-202,-205.0,0.001322693657130003,0.0013235620117536856,False
04_correct_passenger_row_103194,103194,correct_passenger,0,0,0.3029424250125885,alternate,10,54,60,-202,-196,-199.0,0.001386050134897232,0.001386960083347356,False
04_correct_passenger_row_103194,103194,correct_passenger,0,0,0.3029424250125885,alternate,11,60,66,-196,-190,-193.0,0.0012732255272567272,0.0012740614058198581,False
04_correct_passenger_row_103194,103194,correct_passenger,0,0,0.3029424250125885,alternate,12,66,72,-190,-184,-187.0,0.001149164279922843,0.0011499187116920306,False
04_correct_passenger_row_103194,103194,correct_passenger,0,0,0.3029424250125885,alternate,13,72,78,-184,-178,-181.0,0.0008749589323997498,0.0008755333470651458,False
04_correct_passenger_row_103194,103194,correct_passenger,0,0,0.3029424250125885,alternate,14,78,84,-178,-172,-175.0,0.0012477373238652945,0.0012485564693026975,False
04_correct_passenger_row_103194,103194,correct_passenger,0,0,0.3029424250125885,alternate,15,84,90,-172,-166,-169.0,0.001670072553679347,0.001671168964186841,False
04_correct_passenger_row_103194,103194,correct_passenger,0,0,0.3029424250125885,alternate,16,90,96,-166,-160,-163.0,0.0031174723990261555,0.0031195190343580063,False
04_correct_passenger_row_103194,103194,correct_passenger,0,0,0.3029424250125885,alternate,17,96,102,-160,-154,-157.0,0.001262905541807413,0.0012637346452514279,False
04_correct_passenger_row_103194,103194,correct_passenger,0,0,0.3029424250125885,alternate,18,102,108,-154,-148,-151.0,0.0013014529831707478,0.0013023073931918059,False
04_correct_passenger_row_103194,103194,correct_passenger,0,0,0.3029424250125885,alternate,19,108,114,-148,-142,-145.0,0.0016090056160464883,0.0016100619358214367,False
04_correct_passenger_row_103194,103194,correct_passenger,0,0,0.3029424250125885,alternate,20,114,120,-142,-136,-139.0,0.0022334405221045017,0.0022349067863400903,False
04_correct_passenger_row_103194,103194,correct_passenger,0,0,0.3029424250125885,alternate,21,120,126,-136,-130,-133.0,0.003511073999106884,0.0035133790357453993,False
04_correct_passenger_row_103194,103194,correct_passenger,0,0,0.3029424250125885,alternate,22,126,132,-130,-124,-127.0,0.004270381759852171,0.004273185285616484,False
04_correct_passenger_row_103194,103194,correct_passenger,0,0,0.3029424250125885,alternate,23,132,138,-124,-118,-121.0,0.003003991674631834,0.003005963809332949,False
04_correct_passenger_row_103194,103194,correct_passenger,0,0,0.3029424250125885,alternate,24,138,144,-118,-112,-115.0,0.0028257016092538834,0.002827556695686268,False
04_correct_passenger_row_103194,103194,correct_passenger,0,0,0.3029424250125885,alternate,25,144,150,-112,-106,-109.0,0.0024558231234550476,0.0024574353829171715,False
04_correct_passenger_row_103194,103194,correct_passenger,0,0,0.3029424250125885,alternate,26,150,156,-106,-100,-103.0,0.0032313792034983635,0.003233500619184531,False
04_correct_passenger_row_103194,103194,correct_passenger,0,0,0.3029424250125885,alternate,27,156,162,-100,-94,-97.0,0.005148090422153473,0.00515147016779383,False
04_correct_passenger_row_103194,103194,correct_passenger,0,0,0.3029424250125885,alternate,28,162,168,-94,-88,-91.0,0.004699982237070799,0.004703067797574387,False
04_correct_passenger_row_103194,103194,correct_passenger,0,0,0.3029424250125885,alternate,29,168,174,-88,-82,-85.0,0.0038348259404301643,0.003837343521744961,False
04_correct_passenger_row_103194,103194,correct_passenger,0,0,0.3029424250125885,alternate,30,174,180,-82,-76,-79.0,0.0049128043465316296,0.00491602962575374,False
04_correct_passenger_row_103194,103194,correct_passenger,0,0,0.3029424250125885,alternate,31,180,186,-76,-70,-73.0,0.0053879572078585625,0.005391494427174939,False
04_correct_passenger_row_103194,103194,correct_passenger,0,0,0.3029424250125885,alternate,32,186,192,-70,-64,-67.0,0.006858163047581911,0.0068626654639655045,False
04_correct_passenger_row_103194,103194,correct_passenger,0,0,0.3029424250125885,alternate,33,192,198,-64,-58,-61.0,0.008624641224741936,0.008630303342379483,False
04_correct_passenger_row_103194,103194,correct_passenger,0,0,0.3029424250125885,alternate,34,198,204,-58,-52,-55.0,0.010991599410772324,0.010998815447621492,False
04_correct_passenger_row_103194,103194,correct_passenger,0,0,0.3029424250125885,alternate,35,204,210,-52,-46,-49.0,0.012204289436340332,0.012212301609910289,False
04_correct_passenger_row_103194,103194,correct_passenger,0,0,0.3029424250125885,alternate,36,210,216,-46,-40,-43.0,0.013026316650211811,0.013034868488524327,False
04_correct_passenger_row_103194,103194,correct_passenger,0,0,0.3029424250125885,alternate,37,216,222,-40,-34,-37.0,0.015937035903334618,0.01594749864256366,False
04_correct_passenger_row_103194,103194,correct_passenger,0,0,0.3029424250125885,alternate,38,222,228,-34,-28,-31.0,0.02053655870258808,0.02055004105022602,False
04_correct_passenger_row_103194,103194,correct_passenger,0,0,0.3029424250125885,alternate,39,228,234,-28,-22,-25.0,0.03766091912984848,0.037685643700864795,False
04_correct_passenger_row_103194,103194,correct_passenger,0,0,0.3029424250125885,alternate,40,234,240,-22,-16,-19.0,0.05779073387384415,0.0578286737631714,False
04_correct_passenger_row_103194,103194,correct_passenger,0,0,0.3029424250125885,alternate,41,240,246,-16,-10,-13.0,0.09101682901382446,0.09107658199130421,False
04_correct_passenger_row_103194,103194,correct_passenger,0,0,0.3029424250125885,alternate,42,246,252,-10,-4,-7.0,0.10131428390741348,0.1013807972125933,False
04_correct_passenger_row_103194,103194,correct_passenger,0,0,0.3029424250125885,alternate,43,252,258,-4,2,-1.0,0.0994454026222229,0.09951068899802541,True
04_correct_passenger_row_103194,103194,correct_passenger,0,0,0.3029424250125885,alternate,44,258,264,2,8,5.0,0.12903058528900146,0.1291152944767474,False
04_correct_passenger_row_103194,103194,correct_passenger,0,0,0.3029424250125885,alternate,45,264,270,8,14,11.0,0.0625462681055069,0.06258733002548417,False
04_correct_passenger_row_103194,103194,correct_passenger,0,0,0.3029424250125885,alternate,46,270,276,14,20,17.0,0.047723229974508286,0.04775456050004763,False
04_correct_passenger_row_103194,103194,correct_passenger,0,0,0.3029424250125885,alternate,47,276,282,20,26,23.0,0.037748441100120544,0.037773223129723095,False
04_correct_passenger_row_103194,103194,correct_passenger,0,0,0.3029424250125885,alternate,48,282,288,26,32,29.0,0.023516494780778885,0.02353193347050543,False
04_correct_passenger_row_103194,103194,correct_passenger,0,0,0.3029424250125885,alternate,49,288,294,32,38,35.0,0.014317413792014122,0.014326813241689,False
04_correct_passenger_row_103194,103194,correct_passenger,0,0,0.3029424250125885,alternate,50,294,300,38,44,41.0,0.012957105413079262,0.012965611813888202,False
04_correct_passenger_row_103194,103194,correct_passenger,0,0,0.3029424250125885,alternate,51,300,306,44,50,47.0,0.010108727030456066,0.010115363457423962,False
04_correct_passenger_row_103194,103194,correct_passenger,0,0,0.3029424250125885,alternate,52,306,312,50,56,53.0,0.010237567126750946,0.010244288137849665,False
04_correct_passenger_row_103194,103194,correct_passenger,0,0,0.3029424250125885,alternate,53,312,318,56,62,59.0,0.008626910857856274,0.008632574465518664,False
04_correct_passenger_row_103194,103194,correct_passenger,0,0,0.3029424250125885,alternate,54,318,324,62,68,65.0,0.008174343034625053,0.008179709529377199,False
04_correct_passenger_row_103194,103194,correct_passenger,0,0,0.3029424250125885,alternate,55,324,330,68,74,71.0,0.006708390079438686,0.00671279416916237,False
04_correct_passenger_row_103194,103194,correct_passenger,0,0,0.3029424250125885,alternate,56,330,336,74,80,77.0,0.006516242399811745,0.006520520343677592,False
04_correct_passenger_row_103194,103194,correct_passenger,0,0,0.3029424250125885,alternate,57,336,342,80,86,83.0,0.004960281774401665,0.004963538222779074,False
04_correct_passenger_row_103194,103194,correct_passenger,0,0,0.3029424250125885,alternate,58,342,348,86,92,89.0,0.0072127049788832664,0.007217440153716767,False
04_correct_passenger_row_103194,103194,correct_passenger,0,0,0.3029424250125885,alternate,59,348,354,92,98,95.0,0.008855410851538181,0.008861224470524023,False
04_correct_passenger_row_103194,103194,correct_passenger,0,0,0.3029424250125885,alternate,60,354,360,98,104,101.0,0.009800316765904427,0.009806750720079192,False
04_correct_passenger_row_103194,103194,correct_passenger,0,0,0.3029424250125885,alternate,61,360,366,104,110,107.0,0.0035781566984951496,0.003580505775242173,False
04_correct_passenger_row_103194,103194,correct_passenger,0,0,0.3029424250125885,alternate,62,366,372,110,116,113.0,0.003129546530544758,0.003131601092600892,False
04_correct_passenger_row_103194,103194,correct_passenger,0,0,0.3029424250125885,alternate,63,372,378,116,122,119.0,0.0030088077764958143,0.0030107830729905155,False
04_correct_passenger_row_103194,103194,correct_passenger,0,0,0.3029424250125885,alternate,64,378,384,122,128,125.0,0.003200008301064372,0.0032021091216051477,False
04_correct_passenger_row_103194,103194,correct_passenger,0,0,0.3029424250125885,alternate,65,384,390,128,134,131.0,0.0029342707712203264,0.0029361971338195503,False
04_correct_passenger_row_103194,103194,correct_passenger,0,0,0.3029424250125885,alternate,66,390,396,134,140,137.0,0.0027053123340010643,0.002707088384306494,False
04_correct_passenger_row_103194,103194,correct_passenger,0,0,0.3029424250125885,alternate,67,396,402,140,146,143.0,0.0021284637041389942,0.0021298610505985217,False
04_correct_passenger_row_103194,103194,correct_passenger,0,0,0.3029424250125885,alternate,68,402,408,146,152,149.0,0.0018351500621065497,0.0018363548467768259,False
04_correct_passenger_row_103194,103194,correct_passenger,0,0,0.3029424250125885,alternate,69,408,414,152,158,155.0,0.001306608784943819,0.0013074665797730557,False
04_correct_passenger_row_103194,103194,correct_passenger,0,0,0.3029424250125885,alternate,70,414,420,158,164,161.0,0.0013402653858065605,0.001341145276352987,False
04_correct_passenger_row_103194,103194,correct_passenger,0,0,0.3029424250125885,alternate,71,420,426,164,170,167.0,0.0012035301188006997,0.0012043202419994982,False
04_correct_passenger_row_103194,103194,correct_passenger,0,0,0.3029424250125885,alternate,72,426,432,170,176,173.0,0.0010409189853817225,0.001041602353604563,False
04_correct_passenger_row_103194,103194,correct_passenger,0,0,0.3029424250125885,alternate,73,432,438,176,182,179.0,0.0012282475363463163,0.0012290538866463,False
04_correct_passenger_row_103194,103194,correct_passenger,0,0,0.3029424250125885,alternate,74,438,444,182,188,185.0,0.0011004195548593998,0.001101141985486705,False
04_correct_passenger_row_103194,103194,correct_passenger,0,0,0.3029424250125885,alternate,75,444,450,188,194,191.0,0.0011509641772136092,0.0011517197906238566,False
04_correct_passenger_row_103194,103194,correct_passenger,0,0,0.3029424250125885,alternate,76,450,456,194,200,197.0,0.001502225873991847,0.0015032120923625671,False
04_correct_passenger_row_103194,103194,correct_passenger,0,0,0.3029424250125885,alternate,77,456,462,200,206,203.0,0.001433596946299076,0.0014345381094551142,False
04_correct_passenger_row_103194,103194,correct_passenger,0,0,0.3029424250125885,alternate,78,462,468,206,212,209.0,0.0016922748181968927,0.0016933858045957476,False
04_correct_passenger_row_103194,103194,correct_passenger,0,0,0.3029424250125885,alternate,79,468,474,212,218,215.0,0.0015267075505107641,0.0015277098412175736,False
04_correct_passenger_row_103194,103194,correct_passenger,0,0,0.3029424250125885,alternate,80,474,480,218,224,221.0,0.001223614439368248,0.001224417748018216,False
04_correct_passenger_row_103194,103194,correct_passenger,0,0,0.3029424250125885,alternate,81,480,486,224,230,227.0,0.0010090026771649718,0.0010096650921809518,False
04_correct_passenger_row_103194,103194,correct_passenger,0,0,0.3029424250125885,alternate,82,486,492,230,236,233.0,0.0008665119530633092,0.0008670808222469351,False
04_correct_passenger_row_103194,103194,correct_passenger,0,0,0.3029424250125885,alternate,83,492,498,236,242,239.0,0.0015898153651505709,0.0015908590864353056,False
04_correct_passenger_row_103194,103194,correct_passenger,0,0,0.3029424250125885,alternate,84,498,504,242,248,245.0,0.0014752092538401484,0.0014761777356723294,False
04_correct_passenger_row_103194,103194,correct_passenger,0,0,0.3029424250125885,alternate,85,504,510,248,254,251.0,0.0011398784117773175,0.0011406267473302758,False
04_correct_passenger_row_103194,103194,correct_passenger,0,0,0.3029424250125885,alternate,86,510,511,254,255,254.5,0.0004160401877015829,0.0004163133200468399,False
04_correct_passenger_row_103194,103194,correct_passenger,0,0,0.3029424250125885,alternate,87,511,512,255,256,255.5,0.00023565420997329056,0.000235808918073475,False
05_correct_passenger_row_79102,79102,correct_passenger,0,0,0.4034120738506317,reference,1,0,6,-256,-250,-253.0,0.0007843832718208432,0.0007852175988844385,False
05_correct_passenger_row_79102,79102,correct_passenger,0,0,0.4034120738506317,reference,2,6,12,-250,-244,-247.0,0.0009395467932336032,0.0009405461634971853,False
05_correct_passenger_row_79102,79102,correct_passenger,0,0,0.4034120738506317,reference,3,12,18,-244,-238,-241.0,0.0014994920929893851,0.0015010870617754022,False
05_correct_passenger_row_79102,79102,correct_passenger,0,0,0.4034120738506317,reference,4,18,24,-238,-232,-235.0,0.0012917573330923915,0.0012931313400878425,False
05_correct_passenger_row_79102,79102,correct_passenger,0,0,0.4034120738506317,reference,5,24,30,-232,-226,-229.0,0.001081409864127636,0.0010825601302652426,False
05_correct_passenger_row_79102,79102,correct_passenger,0,0,0.4034120738506317,reference,6,30,36,-226,-220,-223.0,0.0011863007675856352,0.0011875626033125278,False
05_correct_passenger_row_79102,79102,correct_passenger,0,0,0.4034120738506317,reference,7,36,42,-220,-214,-217.0,0.0014513377100229263,0.0014528814583069478,False
05_correct_passenger_row_79102,79102,correct_passenger,0,0,0.4034120738506317,reference,8,42,48,-214,-208,-211.0,0.0015296170022338629,0.0015312440140630885,False
05_correct_passenger_row_79102,79102,correct_passenger,0,0,0.4034120738506317,reference,9,48,54,-208,-202,-205.0,0.0014579016715288162,0.00145945240171942,False
05_correct_passenger_row_79102,79102,correct_passenger,0,0,0.4034120738506317,reference,10,54,60,-202,-196,-199.0,0.0011573699302971363,0.0011586009930825481,False
05_correct_passenger_row_79102,79102,correct_passenger,0,0,0.4034120738506317,reference,11,60,66,-196,-190,-193.0,0.0011746252421289682,0.001175874658918308,False
05_correct_passenger_row_79102,79102,correct_passenger,0,0,0.4034120738506317,reference,12,66,72,-190,-184,-187.0,0.0014417986385524273,0.0014433322403866514,False
05_correct_passenger_row_79102,79102,correct_passenger,0,0,0.4034120738506317,reference,13,72,78,-184,-178,-181.0,0.001296321745030582,0.001297700607066351,False
05_correct_passenger_row_79102,79102,correct_passenger,0,0,0.4034120738506317,reference,14,78,84,-178,-172,-175.0,0.0008272126433439553,0.0008280925268403077,False
05_correct_passenger_row_79102,79102,correct_passenger,0,0,0.4034120738506317,reference,15,84,90,-172,-166,-169.0,0.0011076689697802067,0.0011088471670113217,False
05_correct_passenger_row_79102,79102,correct_passenger,0,0,0.4034120738506317,reference,16,90,96,-166,-160,-163.0,0.001327637117356062,0.0013290492886981055,False
05_correct_passenger_row_79102,79102,correct_passenger,0,0,0.4034120738506317,reference,17,96,102,-160,-154,-157.0,0.0016967556439340115,0.0016985604365716157,False
05_correct_passenger_row_79102,79102,correct_passenger,0,0,0.4034120738506317,reference,18,102,108,-154,-148,-151.0,0.0018384663853794336,0.0018404219118623882,False
05_correct_passenger_row_79102,79102,correct_passenger,0,0,0.4034120738506317,reference,19,108,114,-148,-142,-145.0,0.002228108700364828,0.002230478678736538,False
05_correct_passenger_row_79102,79102,correct_passenger,0,0,0.4034120738506317,reference,20,114,120,-142,-136,-139.0,0.003073509782552719,0.003076778990966427,False
05_correct_passenger_row_79102,79102,correct_passenger,0,0,0.4034120738506317,reference,21,120,126,-136,-130,-133.0,0.0036717711482197046,0.0036756767109086905,False
05_correct_passenger_row_79102,79102,correct_passenger,0,0,0.4034120738506317,reference,22,126,132,-130,-124,-127.0,0.003791880328208208,0.003795913647751592,False
05_correct_passenger_row_79102,79102,correct_passenger,0,0,0.4034120738506317,reference,23,132,138,-124,-118,-121.0,0.004109770059585571,0.004114141509754194,False
05_correct_passenger_row_79102,79102,correct_passenger,0,0,0.4034120738506317,reference,24,138,144,-118,-112,-115.0,0.0032299007289111614,0.003233336286103248,False
05_correct_passenger_row_79102,79102,correct_passenger,0,0,0.4034120738506317,reference,25,144,150,-112,-106,-109.0,0.004448475316166878,0.004453207037866396,False
05_correct_passenger_row_79102,79102,correct_passenger,0,0,0.4034120738506317,reference,26,150,156,-106,-100,-103.0,0.0034488681703805923,0.003452536637259853,False
05_correct_passenger_row_79102,79102,correct_passenger,0,0,0.4034120738506317,reference,27,156,162,-100,-94,-97.0,0.003487447975203395,0.003491157478367375,False
05_correct_passenger_row_79102,79102,correct_passenger,0,0,0.4034120738506317,reference,28,162,168,-94,-88,-91.0,0.005272321403026581,0.005277929427308264,False
05_correct_passenger_row_79102,79102,correct_passenger,0,0,0.4034120738506317,reference,29,168,174,-88,-82,-85.0,0.0047640614211559296,0.004769128823176212,False
05_correct_passenger_row_79102,79102,correct_passenger,0,0,0.4034120738506317,reference,30,174,180,-82,-76,-79.0,0.005436224397271872,0.005442006760692107,False
05_correct_passenger_row_79102,79102,correct_passenger,0,0,0.4034120738506317,reference,31,180,186,-76,-70,-73.0,0.006591951474547386,0.006598963153295142,False
05_correct_passenger_row_79102,79102,correct_passenger,0,0,0.4034120738506317,reference,32,186,192,-70,-64,-67.0,0.008098890073597431,0.008107504641776326,False
05_correct_passenger_row_79102,79102,correct_passenger,0,0,0.4034120738506317,reference,33,192,198,-64,-58,-61.0,0.009790673851966858,0.009801087924345746,False
05_correct_passenger_row_79102,79102,correct_passenger,0,0,0.4034120738506317,reference,34,198,204,-58,-52,-55.0,0.010945728980004787,0.010957371652977143,False
05_correct_passenger_row_79102,79102,correct_passenger,0,0,0.4034120738506317,reference,35,204,210,-52,-46,-49.0,0.01034669391810894,0.01035769941384647,False
05_correct_passenger_row_79102,79102,correct_passenger,0,0,0.4034120738506317,reference,36,210,216,-46,-40,-43.0,0.013172417879104614,0.013186429020244852,False
05_correct_passenger_row_79102,79102,correct_passenger,0,0,0.4034120738506317,reference,37,216,222,-40,-34,-37.0,0.014632952399551868,0.014648517071372198,False
05_correct_passenger_row_79102,79102,correct_passenger,0,0,0.4034120738506317,reference,38,222,228,-34,-28,-31.0,0.017390819266438484,0.01740931740592379,False
05_correct_passenger_row_79102,79102,correct_passenger,0,0,0.4034120738506317,reference,39,228,234,-28,-22,-25.0,0.03247864171862602,0.03251318836278349,False
05_correct_passenger_row_79102,79102,correct_passenger,0,0,0.4034120738506317,reference,40,234,240,-22,-16,-19.0,0.0579916313290596,0.058053315443469075,False
05_correct_passenger_row_79102,79102,correct_passenger,0,0,0.4034120738506317,reference,41,240,246,-16,-10,-13.0,0.07286994904279709,0.07294745881741031,False
05_correct_passenger_row_79102,79102,correct_passenger,0,0,0.4034120738506317,reference,42,246,252,-10,-4,-7.0,0.09712657332420349,0.09722988420758139,False
05_correct_passenger_row_79102,79102,correct_passenger,0,0,0.4034120738506317,reference,43,252,258,-4,2,-1.0,0.10279443114995956,0.10290377077890933,True
05_correct_passenger_row_79102,79102,correct_passenger,0,0,0.4034120738506317,reference,44,258,264,2,8,5.0,0.1243639886379242,0.12449627121607812,False
05_correct_passenger_row_79102,79102,correct_passenger,0,0,0.4034120738506317,reference,45,264,270,8,14,11.0,0.06536977738142014,0.06543930942827768,False
05_correct_passenger_row_79102,79102,correct_passenger,0,0,0.4034120738506317,reference,46,270,276,14,20,17.0,0.05974031239748001,0.059803856536182955,False
05_correct_passenger_row_79102,79102,correct_passenger,0,0,0.4034120738506317,reference,47,276,282,20,26,23.0,0.04264846444129944,0.04269382844813446,False
05_correct_passenger_row_79102,79102,correct_passenger,0,0,0.4034120738506317,reference,48,282,288,26,32,29.0,0.02650957927107811,0.02653777678653384,False
05_correct_passenger_row_79102,79102,correct_passenger,0,0,0.4034120738506317,reference,49,288,294,32,38,35.0,0.018978185951709747,0.0189983725297849,False
05_correct_passenger_row_79102,79102,correct_passenger,0,0,0.4034120738506317,reference,50,294,300,38,44,41.0,0.015864916145801544,0.015881791223812048,False
05_correct_passenger_row_79102,79102,correct_passenger,0,0,0.4034120738506317,reference,51,300,306,44,50,47.0,0.00759821105748415,0.007606293067067873,False
05_correct_passenger_row_79102,79102,correct_passenger,0,0,0.4034120738506317,reference,52,306,312,50,56,53.0,0.008438735269010067,0.008447711321241658,False
05_correct_passenger_row_79102,79102,correct_passenger,0,0,0.4034120738506317,reference,53,312,318,56,62,59.0,0.009739811532199383,0.009750171503717858,False
05_correct_passenger_row_79102,79102,correct_passenger,0,0,0.4034120738506317,reference,54,318,324,62,68,65.0,0.009236402809619904,0.00924622731902899,False
05_correct_passenger_row_79102,79102,correct_passenger,0,0,0.4034120738506317,reference,55,324,330,68,74,71.0,0.006974062416702509,0.006981480536423433,False
05_correct_passenger_row_79102,79102,correct_passenger,0,0,0.4034120738506317,reference,56,330,336,74,80,77.0,0.0068579865619540215,0.0068652812149584495,False
05_correct_passenger_row_79102,79102,correct_passenger,0,0,0.4034120738506317,reference,57,336,342,80,86,83.0,0.006407381035387516,0.006414196391600023,False
05_correct_passenger_row_79102,79102,correct_passenger,0,0,0.4034120738506317,reference,58,342,348,86,92,89.0,0.0049387002363801,0.004943953396938498,False
05_correct_passenger_row_79102,79102,correct_passenger,0,0,0.4034120738506317,reference,59,348,354,92,98,95.0,0.00709887919947505,0.007106430083398883,False
05_correct_passenger_row_79102,79102,correct_passenger,0,0,0.4034120738506317,reference,60,354,360,98,104,101.0,0.006608705502003431,0.006615735001552616,False
05_correct_passenger_row_79102,79102,correct_passenger,0,0,0.4034120738506317,reference,61,360,366,104,110,107.0,0.004131390247493982,0.004135784694466005,False
05_correct_passenger_row_79102,79102,correct_passenger,0,0,0.4034120738506317,reference,62,366,372,110,116,113.0,0.003562723286449909,0.003566512857906585,False
05_correct_passenger_row_79102,79102,correct_passenger,0,0,0.4034120738506317,reference,63,372,378,116,122,119.0,0.003894955851137638,0.003899098809299621,False
05_correct_passenger_row_79102,79102,correct_passenger,0,0,0.4034120738506317,reference,64,378,384,122,128,125.0,0.0036473344080150127,0.0036512139780108454,False
05_correct_passenger_row_79102,79102,correct_passenger,0,0,0.4034120738506317,reference,65,384,390,128,134,131.0,0.0031137678306549788,0.0031170798604549478,False
05_correct_passenger_row_79102,79102,correct_passenger,0,0,0.4034120738506317,reference,66,390,396,134,140,137.0,0.0029891489539295435,0.002992328430033861,False
05_correct_passenger_row_79102,79102,correct_passenger,0,0,0.4034120738506317,reference,67,396,402,140,146,143.0,0.0020785368978977203,0.002080747780828168,False
05_correct_passenger_row_79102,79102,correct_passenger,0,0,0.4034120738506317,reference,68,402,408,146,152,149.0,0.0014803959056735039,0.0014819705623666175,False
05_correct_passenger_row_79102,79102,correct_passenger,0,0,0.4034120738506317,reference,69,408,414,152,158,155.0,0.001207602210342884,0.0012088867038326644,False
05_correct_passenger_row_79102,79102,correct_passenger,0,0,0.4034120738506317,reference,70,414,420,158,164,161.0,0.0010129298316314816,0.0010140072574288106,False
05_correct_passenger_row_79102,79102,correct_passenger,0,0,0.4034120738506317,reference,71,420,426,164,170,167.0,0.0014649360673502088,0.0014664942798355285,False
05_correct_passenger_row_79102,79102,correct_passenger,0,0,0.4034120738506317,reference,72,426,432,170,176,173.0,0.0010240118717774749,0.0010251010852382408,False
05_correct_passenger_row_79102,79102,correct_passenger,0,0,0.4034120738506317,reference,73,432,438,176,182,179.0,0.0016325030010193586,0.001634239449875527,False
05_correct_passenger_row_79102,79102,correct_passenger,0,0,0.4034120738506317,reference,74,438,444,182,188,185.0,0.0011639841832220554,0.0011652222814076587,False
05_correct_passenger_row_79102,79102,correct_passenger,0,0,0.4034120738506317,reference,75,444,450,188,194,191.0,0.0015272372402250767,0.0015288617207664483,False
05_correct_passenger_row_79102,79102,correct_passenger,0,0,0.4034120738506317,reference,76,450,456,194,200,197.0,0.001018008217215538,0.0010190910447529149,False
05_correct_passenger_row_79102,79102,correct_passenger,0,0,0.4034120738506317,reference,77,456,462,200,206,203.0,0.0012464668834581971,0.00124779271623932,False
05_correct_passenger_row_79102,79102,correct_passenger,0,0,0.4034120738506317,reference,78,462,468,206,212,209.0,0.0016468551475554705,0.0016486068623979314,False
05_correct_passenger_row_79102,79102,correct_passenger,0,0,0.4034120738506317,reference,79,468,474,212,218,215.0,0.0014549435582011938,0.0014564911419274414,False
05_correct_passenger_row_79102,79102,correct_passenger,0,0,0.4034120738506317,reference,80,474,480,218,224,221.0,0.0012285211123526096,0.0012298278567071323,False
05_correct_passenger_row_79102,79102,correct_passenger,0,0,0.4034120738506317,reference,81,480,486,224,230,227.0,0.0012692664749920368,0.0012706165590759843,False
05_correct_passenger_row_79102,79102,correct_passenger,0,0,0.4034120738506317,reference,82,486,492,230,236,233.0,0.0011106549063697457,0.001111836279660061,False
05_correct_passenger_row_79102,79102,correct_passenger,0,0,0.4034120738506317,reference,83,492,498,236,242,239.0,0.001236524200066924,0.0012378394570872727,False
05_correct_passenger_row_79102,79102,correct_passenger,0,0,0.4034120738506317,reference,84,498,504,242,248,245.0,0.0010646944865584373,0.0010658269730054446,False
05_correct_passenger_row_79102,79102,correct_passenger,0,0,0.4034120738506317,reference,85,504,510,248,254,251.0,0.0010347644565626979,0.001035865107254231,False
05_correct_passenger_row_79102,79102,correct_passenger,0,0,0.4034120738506317,reference,86,510,511,254,255,254.5,0.0006896934937685728,0.0006904271019013685,False
05_correct_passenger_row_79102,79102,correct_passenger,0,0,0.4034120738506317,reference,87,511,512,255,256,255.5,0.0003482102765701711,0.00034858065833123303,False
05_correct_passenger_row_79102,79102,correct_passenger,0,0,0.4034120738506317,alternate,1,0,6,-256,-250,-253.0,0.000740906922146678,0.0007416644469502633,False
05_correct_passenger_row_79102,79102,correct_passenger,0,0,0.4034120738506317,alternate,2,6,12,-250,-244,-247.0,0.0008806560654193163,0.0008815564738148137,False
05_correct_passenger_row_79102,79102,correct_passenger,0,0,0.4034120738506317,alternate,3,12,18,-244,-238,-241.0,0.0014728843234479427,0.0014743902432530797,False
05_correct_passenger_row_79102,79102,correct_passenger,0,0,0.4034120738506317,alternate,4,18,24,-238,-232,-235.0,0.0012304395204409957,0.0012316975576224343,False
05_correct_passenger_row_79102,79102,correct_passenger,0,0,0.4034120738506317,alternate,5,24,30,-232,-226,-229.0,0.0010556485503911972,0.001056727876197026,False
05_correct_passenger_row_79102,79102,correct_passenger,0,0,0.4034120738506317,alternate,6,30,36,-226,-220,-223.0,0.0011549766641110182,0.0011561575458715655,False
05_correct_passenger_row_79102,79102,correct_passenger,0,0,0.4034120738506317,alternate,7,36,42,-220,-214,-217.0,0.0014039811212569475,0.001405416592422524,False
05_correct_passenger_row_79102,79102,correct_passenger,0,0,0.4034120738506317,alternate,8,42,48,-214,-208,-211.0,0.0014945752918720245,0.001496103389154661,False
05_correct_passenger_row_79102,79102,correct_passenger,0,0,0.4034120738506317,alternate,9,48,54,-208,-202,-205.0,0.0014371383003890514,0.0014386076724197147,False
05_correct_passenger_row_79102,79102,correct_passenger,0,0,0.4034120738506317,alternate,10,54,60,-202,-196,-199.0,0.0011413198662921786,0.0011424867849451129,False
05_correct_passenger_row_79102,79102,correct_passenger,0,0,0.4034120738506317,alternate,11,60,66,-196,-190,-193.0,0.001148165320046246,0.0011493392376903564,False
05_correct_passenger_row_79102,79102,correct_passenger,0,0,0.4034120738506317,alternate,12,66,72,-190,-184,-187.0,0.0013827201910316944,0.0013841339244033437,False
05_correct_passenger_row_79102,79102,correct_passenger,0,0,0.4034120738506317,alternate,13,72,78,-184,-178,-181.0,0.0012404765002429485,0.0012417447995246938,False
05_correct_passenger_row_79102,79102,correct_passenger,0,0,0.4034120738506317,alternate,14,78,84,-178,-172,-175.0,0.000790157588198781,0.0007909654683169306,False
05_correct_passenger_row_79102,79102,correct_passenger,0,0,0.4034120738506317,alternate,15,84,90,-172,-166,-169.0,0.0010372115066275,0.001038271981863118,False
05_correct_passenger_row_79102,79102,correct_passenger,0,0,0.4034120738506317,alternate,16,90,96,-166,-160,-163.0,0.001221872284077108,0.0012231215618667122,False
05_correct_passenger_row_79102,79102,correct_passenger,0,0,0.4034120738506317,alternate,17,96,102,-160,-154,-157.0,0.0016779860015958548,0.0016797016233268476,False
05_correct_passenger_row_79102,79102,correct_passenger,0,0,0.4034120738506317,alternate,18,102,108,-154,-148,-151.0,0.00180305284447968,0.0018048963381912938,False
05_correct_passenger_row_79102,79102,correct_passenger,0,0,0.4034120738506317,alternate,19,108,114,-148,-142,-145.0,0.0021265505347400904,0.0021287247819066248,False
05_correct_passenger_row_79102,79102,correct_passenger,0,0,0.4034120738506317,alternate,20,114,120,-142,-136,-139.0,0.002948255743831396,0.0029512701263219717,False
05_correct_passenger_row_79102,79102,correct_passenger,0,0,0.4034120738506317,alternate,21,120,126,-136,-130,-133.0,0.0034580810461193323,0.003461616688839006,False
05_correct_passenger_row_79102,79102,correct_passenger,0,0,0.4034120738506317,alternate,22,126,132,-130,-124,-127.0,0.003739310894161463,0.0037431340744638374,False
05_correct_passenger_row_79102,79102,correct_passenger,0,0,0.4034120738506317,alternate,23,132,138,-124,-118,-121.0,0.003937101922929287,0.003941127330536792,False
05_correct_passenger_row_79102,79102,correct_passenger,0,0,0.4034120738506317,alternate,24,138,144,-118,-112,-115.0,0.0029858523048460484,0.0029889051271549693,False
05_correct_passenger_row_79102,79102,correct_passenger,0,0,0.4034120738506317,alternate,25,144,150,-112,-106,-109.0,0.00429268553853035,0.004297074505176804,False
05_correct_passenger_row_79102,79102,correct_passenger,0,0,0.4034120738506317,alternate,26,150,156,-106,-100,-103.0,0.0031604846008121967,0.0031637159722637254,False
05_correct_passenger_row_79102,79102,correct_passenger,0,0,0.4034120738506317,alternate,27,156,162,-100,-94,-97.0,0.0033433628268539906,0.0033467811783270593,False
05_correct_passenger_row_79102,79102,correct_passenger,0,0,0.4034120738506317,alternate,28,162,168,-94,-88,-91.0,0.005090720020234585,0.00509592492056439,False
05_correct_passenger_row_79102,79102,correct_passenger,0,0,0.4034120738506317,alternate,29,168,174,-88,-82,-85.0,0.004764990881085396,0.004769862746461983,False
05_correct_passenger_row_79102,79102,correct_passenger,0,0,0.4034120738506317,alternate,30,174,180,-82,-76,-79.0,0.005324781872332096,0.005330226084312578,False
05_correct_passenger_row_79102,79102,correct_passenger,0,0,0.4034120738506317,alternate,31,180,186,-76,-70,-73.0,0.006433974485844374,0.006440552768639385,False
05_correct_passenger_row_79102,79102,correct_passenger,0,0,0.4034120738506317,alternate,32,186,192,-70,-64,-67.0,0.007816425524652004,0.007824417265629597,False
05_correct_passenger_row_79102,79102,correct_passenger,0,0,0.4034120738506317,alternate,33,192,198,-64,-58,-61.0,0.00925410632044077,0.009263567988112113,False
05_correct_passenger_row_79102,79102,correct_passenger,0,0,0.4034120738506317,alternate,34,198,204,-58,-52,-55.0,0.010656265541911125,0.010667160817984672,False
05_correct_passenger_row_79102,79102,correct_passenger,0,0,0.4034120738506317,alternate,35,204,210,-52,-46,-49.0,0.010028760880231857,0.010039014577273842,False
05_correct_passenger_row_79102,79102,correct_passenger,0,0,0.4034120738506317,alternate,36,210,216,-46,-40,-43.0,0.012641804292798042,0.012654729641485729,False
05_correct_passenger_row_79102,79102,correct_passenger,0,0,0.4034120738506317,alternate,37,216,222,-40,-34,-37.0,0.014075376093387604,0.014089767167612744,False
05_correct_passenger_row_79102,79102,correct_passenger,0,0,0.4034120738506317,alternate,38,222,228,-34,-28,-31.0,0.01690327376127243,0.016920556160387904,False
05_correct_passenger_row_79102,79102,correct_passenger,0,0,0.4034120738506317,alternate,39,228,234,-28,-22,-25.0,0.03255171328783035,0.03258499510701391,False
05_correct_passenger_row_79102,79102,correct_passenger,0,0,0.4034120738506317,alternate,40,234,240,-22,-16,-19.0,0.05788999795913696,0.05794918637811744,False
05_correct_passenger_row_79102,79102,correct_passenger,0,0,0.4034120738506317,alternate,41,240,246,-16,-10,-13.0,0.07537080347537994,0.07544786477875302,False
05_correct_passenger_row_79102,79102,correct_passenger,0,0,0.4034120738506317,alternate,42,246,252,-10,-4,-7.0,0.10377705097198486,0.10388315564964996,False
05_correct_passenger_row_79102,79102,correct_passenger,0,0,0.4034120738506317,alternate,43,252,258,-4,2,-1.0,0.10445024818181992,0.10455704115590783,True
05_correct_passenger_row_79102,79102,correct_passenger,0,0,0.4034120738506317,alternate,44,258,264,2,8,5.0,0.12538379430770874,0.12551199034869123,False
05_correct_passenger_row_79102,79102,correct_passenger,0,0,0.4034120738506317,alternate,45,264,270,8,14,11.0,0.06479811668395996,0.0648643681646068,False
05_correct_passenger_row_79102,79102,correct_passenger,0,0,0.4034120738506317,alternate,46,270,276,14,20,17.0,0.058542415499687195,0.05860227096935175,False
05_correct_passenger_row_79102,79102,correct_passenger,0,0,0.4034120738506317,alternate,47,276,282,20,26,23.0,0.04243353754281998,0.042476922826762825,False
05_correct_passenger_row_79102,79102,correct_passenger,0,0,0.4034120738506317,alternate,48,282,288,26,32,29.0,0.02661697193980217,0.02664418590668254,False
05_correct_passenger_row_79102,79102,correct_passenger,0,0,0.4034120738506317,alternate,49,288,294,32,38,35.0,0.018993329256772995,0.019012748589464584,False
05_correct_passenger_row_79102,79102,correct_passenger,0,0,0.4034120738506317,alternate,50,294,300,38,44,41.0,0.016050461679697037,0.016066872138916583,False
05_correct_passenger_row_79102,79102,correct_passenger,0,0,0.4034120738506317,alternate,51,300,306,44,50,47.0,0.007530556060373783,0.007538255520089985,False
05_correct_passenger_row_79102,79102,correct_passenger,0,0,0.4034120738506317,alternate,52,306,312,50,56,53.0,0.008316471241414547,0.00832497424368833,False
05_correct_passenger_row_79102,79102,correct_passenger,0,0,0.4034120738506317,alternate,53,312,318,56,62,59.0,0.00953187607228756,0.009541621739838536,False
05_correct_passenger_row_79102,79102,correct_passenger,0,0,0.4034120738506317,alternate,54,318,324,62,68,65.0,0.009012991562485695,0.009022206707410116,False
05_correct_passenger_row_79102,79102,correct_passenger,0,0,0.4034120738506317,alternate,55,324,330,68,74,71.0,0.006864024791866541,0.006871042770612371,False
05_correct_passenger_row_79102,79102,correct_passenger,0,0,0.4034120738506317,alternate,56,330,336,74,80,77.0,0.006592687219381332,0.0065994277746949355,False
05_correct_passenger_row_79102,79102,correct_passenger,0,0,0.4034120738506317,alternate,57,336,342,80,86,83.0,0.006007433868944645,0.006013576044197157,False
05_correct_passenger_row_79102,79102,correct_passenger,0,0,0.4034120738506317,alternate,58,342,348,86,92,89.0,0.004720204509794712,0.004725030584281646,False
05_correct_passenger_row_79102,79102,correct_passenger,0,0,0.4034120738506317,alternate,59,348,354,92,98,95.0,0.006653568707406521,0.0066603715097256246,False
05_correct_passenger_row_79102,79102,correct_passenger,0,0,0.4034120738506317,alternate,60,354,360,98,104,101.0,0.005990541074424982,0.00599666597799266,False
05_correct_passenger_row_79102,79102,correct_passenger,0,0,0.4034120738506317,alternate,61,360,366,104,110,107.0,0.004117498639971018,0.004121708490433029,False
05_correct_passenger_row_79102,79102,correct_passenger,0,0,0.4034120738506317,alternate,62,366,372,110,116,113.0,0.0034690864849835634,0.003472633379984279,False
05_correct_passenger_row_79102,79102,correct_passenger,0,0,0.4034120738506317,alternate,63,372,378,116,122,119.0,0.0037046782672405243,0.0037084660381370453,False
05_correct_passenger_row_79102,79102,correct_passenger,0,0,0.4034120738506317,alternate,64,378,384,122,128,125.0,0.003544563427567482,0.003548187492391285,False
05_correct_passenger_row_79102,79102,correct_passenger,0,0,0.4034120738506317,alternate,65,384,390,128,134,131.0,0.003147565759718418,0.0031507839225707697,False
05_correct_passenger_row_79102,79102,correct_passenger,0,0,0.4034120738506317,alternate,66,390,396,134,140,137.0,0.002877468941733241,0.0028804109497368832,False
05_correct_passenger_row_79102,79102,correct_passenger,0,0,0.4034120738506317,alternate,67,396,402,140,146,143.0,0.002006727736443281,0.0020087794732930246,False
05_correct_passenger_row_79102,79102,correct_passenger,0,0,0.4034120738506317,alternate,68,402,408,146,152,149.0,0.0014102656859904528,0.0014117075826779446,False
05_correct_passenger_row_79102,79102,correct_passenger,0,0,0.4034120738506317,alternate,69,408,414,152,158,155.0,0.0011772604193538427,0.0011784640846743879,False
05_correct_passenger_row_79102,79102,correct_passenger,0,0,0.4034120738506317,alternate,70,414,420,158,164,161.0,0.0009940569289028645,0.0009950732816420694,False
05_correct_passenger_row_79102,79102,correct_passenger,0,0,0.4034120738506317,alternate,71,420,426,164,170,167.0,0.0014036486390978098,0.001405083770323949,False
05_correct_passenger_row_79102,79102,correct_passenger,0,0,0.4034120738506317,alternate,72,426,432,170,176,173.0,0.001019432325847447,0.0010204746231311174,False
05_correct_passenger_row_79102,79102,correct_passenger,0,0,0.4034120738506317,alternate,73,432,438,176,182,179.0,0.0016257870011031628,0.0016274492530566388,False
05_correct_passenger_row_79102,79102,correct_passenger,0,0,0.4034120738506317,alternate,74,438,444,182,188,185.0,0.001141969463787973,0.0011431370466082954,False
05_correct_passenger_row_79102,79102,correct_passenger,0,0,0.4034120738506317,alternate,75,444,450,188,194,191.0,0.0014281300827860832,0.0014295902445528572,False
05_correct_passenger_row_79102,79102,correct_passenger,0,0,0.4034120738506317,alternate,76,450,456,194,200,197.0,0.000948258675634861,0.0009492282029068253,False
05_correct_passenger_row_79102,79102,correct_passenger,0,0,0.4034120738506317,alternate,77,456,462,200,206,203.0,0.001196197234094143,0.001197420260965293,False
05_correct_passenger_row_79102,79102,correct_passenger,0,0,0.4034120738506317,alternate,78,462,468,206,212,209.0,0.0015611114213243127,0.0015627075470824405,False
05_correct_passenger_row_79102,79102,correct_passenger,0,0,0.4034120738506317,alternate,79,468,474,212,218,215.0,0.0013315868563950062,0.0013329483095569294,False
05_correct_passenger_row_79102,79102,correct_passenger,0,0,0.4034120738506317,alternate,80,474,480,218,224,221.0,0.0011675863061100245,0.0011687800803355942,False
05_correct_passenger_row_79102,79102,correct_passenger,0,0,0.4034120738506317,alternate,81,480,486,224,230,227.0,0.0011716301087290049,0.0011728280174560797,False
05_correct_passenger_row_79102,79102,correct_passenger,0,0,0.4034120738506317,alternate,82,486,492,230,236,233.0,0.0010428838431835175,0.0010439501179811412,False
05_correct_passenger_row_79102,79102,correct_passenger,0,0,0.4034120738506317,alternate,83,492,498,236,242,239.0,0.001135962549597025,0.0011371239907734287,False
05_correct_passenger_row_79102,79102,correct_passenger,0,0,0.4034120738506317,alternate,84,498,504,242,248,245.0,0.0009716770146042109,0.0009726704854676005,False
05_correct_passenger_row_79102,79102,correct_passenger,0,0,0.4034120738506317,alternate,85,504,510,248,254,251.0,0.0009954464621841908,0.0009964642356226692,False
05_correct_passenger_row_79102,79102,correct_passenger,0,0,0.4034120738506317,alternate,86,510,511,254,255,254.5,0.0006760276155546308,0.0006767188058666439,False
05_correct_passenger_row_79102,79102,correct_passenger,0,0,0.4034120738506317,alternate,87,511,512,255,256,255.5,0.00033697744947858155,0.0003373219850316971,False
06_correct_passenger_row_5160,5160,correct_passenger,0,0,0.499998539686203,reference,1,0,6,-256,-250,-253.0,0.001169077935628593,0.0011706269790968016,False
06_correct_passenger_row_5160,5160,correct_passenger,0,0,0.499998539686203,reference,2,6,12,-250,-244,-247.0,0.001515015377663076,0.0015170227927407908,False
06_correct_passenger_row_5160,5160,correct_passenger,0,0,0.499998539686203,reference,3,12,18,-244,-238,-241.0,0.0019739794079214334,0.0019765949563079273,False
06_correct_passenger_row_5160,5160,correct_passenger,0,0,0.499998539686203,reference,4,18,24,-238,-232,-235.0,0.0021625026129186153,0.002165367957003417,False
06_correct_passenger_row_5160,5160,correct_passenger,0,0,0.499998539686203,reference,5,24,30,-232,-226,-229.0,0.0016640489920973778,0.0016662538786523548,False
06_correct_passenger_row_5160,5160,correct_passenger,0,0,0.499998539686203,reference,6,30,36,-226,-220,-223.0,0.0018146114889532328,0.0018170158727745629,False
06_correct_passenger_row_5160,5160,correct_passenger,0,0,0.499998539686203,reference,7,36,42,-220,-214,-217.0,0.0022658207453787327,0.002268822987332665,False
06_correct_passenger_row_5160,5160,correct_passenger,0,0,0.499998539686203,reference,8,42,48,-214,-208,-211.0,0.003075098153203726,0.003079172698247431,False
06_correct_passenger_row_5160,5160,correct_passenger,0,0,0.499998539686203,reference,9,48,54,-208,-202,-205.0,0.0019146658014506102,0.001917202758537175,False
06_correct_passenger_row_5160,5160,correct_passenger,0,0,0.499998539686203,reference,10,54,60,-202,-196,-199.0,0.0023218949791043997,0.002324971520147247,False
06_correct_passenger_row_5160,5160,correct_passenger,0,0,0.499998539686203,reference,11,60,66,-196,-190,-193.0,0.0023531257174909115,0.0023562436396682668,False
06_correct_passenger_row_5160,5160,correct_passenger,0,0,0.499998539686203,reference,12,66,72,-190,-184,-187.0,0.0017312646377831697,0.0017335585859427993,False
06_correct_passenger_row_5160,5160,correct_passenger,0,0,0.499998539686203,reference,13,72,78,-184,-178,-181.0,0.0011819195933640003,0.0011834856521957102,False
06_correct_passenger_row_5160,5160,correct_passenger,0,0,0.499998539686203,reference,14,78,84,-178,-172,-175.0,0.0013325444888323545,0.0013343101276093907,False
06_correct_passenger_row_5160,5160,correct_passenger,0,0,0.499998539686203,reference,15,84,90,-172,-166,-169.0,0.001714987913146615,0.0017172602944344273,False
06_correct_passenger_row_5160,5160,correct_passenger,0,0,0.499998539686203,reference,16,90,96,-166,-160,-163.0,0.0014949652832001448,0.001496946131641951,False
06_correct_passenger_row_5160,5160,correct_passenger,0,0,0.499998539686203,reference,17,96,102,-160,-154,-157.0,0.002134009962901473,0.002136837553854464,False
06_correct_passenger_row_5160,5160,correct_passenger,0,0,0.499998539686203,reference,18,102,108,-154,-148,-151.0,0.0019247266463935375,0.00192727693423049,False
06_correct_passenger_row_5160,5160,correct_passenger,0,0,0.499998539686203,reference,19,108,114,-148,-142,-145.0,0.002823207061737776,0.002826947847809522,False
06_correct_passenger_row_5160,5160,correct_passenger,0,0,0.499998539686203,reference,20,114,120,-142,-136,-139.0,0.002986297942698002,0.0029902548263079677,False
06_correct_passenger_row_5160,5160,correct_passenger,0,0,0.499998539686203,reference,21,120,126,-136,-130,-133.0,0.004082060419023037,0.004087469202164189,False
06_correct_passenger_row_5160,5160,correct_passenger,0,0,0.499998539686203,reference,22,126,132,-130,-124,-127.0,0.0056221866980195045,0.005629636168509198,False
06_correct_passenger_row_5160,5160,correct_passenger,0,0,0.499998539686203,reference,23,132,138,-124,-118,-121.0,0.005345524288713932,0.005352607177913385,False
06_correct_passenger_row_5160,5160,correct_passenger,0,0,0.499998539686203,reference,24,138,144,-118,-112,-115.0,0.0050249551422894,0.0050316132732009375,False
06_correct_passenger_row_5160,5160,correct_passenger,0,0,0.499998539686203,reference,25,144,150,-112,-106,-109.0,0.0041005732491612434,0.004106006562043082,False
06_correct_passenger_row_5160,5160,correct_passenger,0,0,0.499998539686203,reference,26,150,156,-106,-100,-103.0,0.004003497306257486,0.004008801992252535,False
06_correct_passenger_row_5160,5160,correct_passenger,0,0,0.499998539686203,reference,27,156,162,-100,-94,-97.0,0.005397228989750147,0.005404380388350877,False
06_correct_passenger_row_5160,5160,correct_passenger,0,0,0.499998539686203,reference,28,162,168,-94,-88,-91.0,0.003986191935837269,0.0039914736919914595,False
06_correct_passenger_row_5160,5160,correct_passenger,0,0,0.499998539686203,reference,29,168,174,-88,-82,-85.0,0.005751711782068014,0.005759332874978506,False
06_correct_passenger_row_5160,5160,correct_passenger,0,0,0.499998539686203,reference,30,174,180,-82,-76,-79.0,0.005955635569989681,0.005963526864571135,False
06_correct_passenger_row_5160,5160,correct_passenger,0,0,0.499998539686203,reference,31,180,186,-76,-70,-73.0,0.006097929086536169,0.006106008921877531,False
06_correct_passenger_row_5160,5160,correct_passenger,0,0,0.499998539686203,reference,32,186,192,-70,-64,-67.0,0.008898429572582245,0.008910220107487269,False
06_correct_passenger_row_5160,5160,correct_passenger,0,0,0.499998539686203,reference,33,192,198,-64,-58,-61.0,0.010506613180041313,0.010520534579140157,False
06_correct_passenger_row_5160,5160,correct_passenger,0,0,0.499998539686203,reference,34,198,204,-58,-52,-55.0,0.011906108818948269,0.011921884567968676,False
06_correct_passenger_row_5160,5160,correct_passenger,0,0,0.499998539686203,reference,35,204,210,-52,-46,-49.0,0.015017005614936352,0.015036903342667706,False
06_correct_passenger_row_5160,5160,correct_passenger,0,0,0.499998539686203,reference,36,210,216,-46,-40,-43.0,0.014117974787950516,0.014136681288144493,False
06_correct_passenger_row_5160,5160,correct_passenger,0,0,0.499998539686203,reference,37,216,222,-40,-34,-37.0,0.019506771117448807,0.019532617842859014,False
06_correct_passenger_row_5160,5160,correct_passenger,0,0,0.499998539686203,reference,38,222,228,-34,-28,-31.0,0.022179950028657913,0.022209338750889346,False
06_correct_passenger_row_5160,5160,correct_passenger,0,0,0.499998539686203,reference,39,228,234,-28,-22,-25.0,0.039010077714920044,0.039061766575206436,False
06_correct_passenger_row_5160,5160,correct_passenger,0,0,0.499998539686203,reference,40,234,240,-22,-16,-19.0,0.043880097568035126,0.04393823926796001,False
06_correct_passenger_row_5160,5160,correct_passenger,0,0,0.499998539686203,reference,41,240,246,-16,-10,-13.0,0.06122057884931564,0.06130169691244588,False
06_correct_passenger_row_5160,5160,correct_passenger,0,0,0.499998539686203,reference,42,246,252,-10,-4,-7.0,0.08095909655094147,0.08106636840671974,False
06_correct_passenger_row_5160,5160,correct_passenger,0,0,0.499998539686203,reference,43,252,258,-4,2,-1.0,0.09796033799648285,0.09809013671827241,True
06_correct_passenger_row_5160,5160,correct_passenger,0,0,0.499998539686203,reference,44,258,264,2,8,5.0,0.11360585689544678,0.11375638613324264,False
06_correct_passenger_row_5160,5160,correct_passenger,0,0,0.499998539686203,reference,45,264,270,8,14,11.0,0.06382405012845993,0.06390861782489238,False
06_correct_passenger_row_5160,5160,correct_passenger,0,0,0.499998539686203,reference,46,270,276,14,20,17.0,0.04702747240662575,0.04708978441914241,False
06_correct_passenger_row_5160,5160,correct_passenger,0,0,0.499998539686203,reference,47,276,282,20,26,23.0,0.04086630046367645,0.040920448843244556,False
06_correct_passenger_row_5160,5160,correct_passenger,0,0,0.499998539686203,reference,48,282,288,26,32,29.0,0.028410978615283966,0.0284486235314253,False
06_correct_passenger_row_5160,5160,correct_passenger,0,0,0.499998539686203,reference,49,288,294,32,38,35.0,0.0202442929148674,0.020271116866250435,False
06_correct_passenger_row_5160,5160,correct_passenger,0,0,0.499998539686203,reference,50,294,300,38,44,41.0,0.0151634830981493,0.015183574910450805,False
06_correct_passenger_row_5160,5160,correct_passenger,0,0,0.499998539686203,reference,51,300,306,44,50,47.0,0.012176129966974258,0.012192263497527344,False
06_correct_passenger_row_5160,5160,correct_passenger,0,0,0.499998539686203,reference,52,306,312,50,56,53.0,0.015455719083547592,0.01547619811233019,False
06_correct_passenger_row_5160,5160,correct_passenger,0,0,0.499998539686203,reference,53,312,318,56,62,59.0,0.012974186800420284,0.01299137776665617,False
06_correct_passenger_row_5160,5160,correct_passenger,0,0,0.499998539686203,reference,54,318,324,62,68,65.0,0.008723543956875801,0.008735102766065681,False
06_correct_passenger_row_5160,5160,correct_passenger,0,0,0.499998539686203,reference,55,324,330,68,74,71.0,0.008438309654593468,0.008449490524623439,False
06_correct_passenger_row_5160,5160,correct_passenger,0,0,0.499998539686203,reference,56,330,336,74,80,77.0,0.00785455945879221,0.007864966852221251,False
06_correct_passenger_row_5160,5160,correct_passenger,0,0,0.499998539686203,reference,57,336,342,80,86,83.0,0.004585755988955498,0.004591832175277217,False
06_correct_passenger_row_5160,5160,correct_passenger,0,0,0.499998539686203,reference,58,342,348,86,92,89.0,0.004968450404703617,0.004975033666103026,False
06_correct_passenger_row_5160,5160,correct_passenger,0,0,0.499998539686203,reference,59,348,354,92,98,95.0,0.007256349083036184,0.007265963839937806,False
06_correct_passenger_row_5160,5160,correct_passenger,0,0,0.499998539686203,reference,60,354,360,98,104,101.0,0.00519045302644372,0.005197330444204011,False
06_correct_passenger_row_5160,5160,correct_passenger,0,0,0.499998539686203,reference,61,360,366,104,110,107.0,0.00563446432352066,0.0056419300620238096,False
06_correct_passenger_row_5160,5160,correct_passenger,0,0,0.499998539686203,reference,62,366,372,110,116,113.0,0.003646190743893385,0.0036510219940466384,False
06_correct_passenger_row_5160,5160,correct_passenger,0,0,0.499998539686203,reference,63,372,378,116,122,119.0,0.0035528833977878094,0.0035575910144940394,False
06_correct_passenger_row_5160,5160,correct_passenger,0,0,0.499998539686203,reference,64,378,384,122,128,125.0,0.004506325349211693,0.00451229628890278,False
06_correct_passenger_row_5160,5160,correct_passenger,0,0,0.499998539686203,reference,65,384,390,128,134,131.0,0.0043301209807395935,0.004335858447350972,False
06_correct_passenger_row_5160,5160,correct_passenger,0,0,0.499998539686203,reference,66,390,396,134,140,137.0,0.003712370526045561,0.003717289465270814,False
06_correct_passenger_row_5160,5160,correct_passenger,0,0,0.499998539686203,reference,67,396,402,140,146,143.0,0.002991607179865241,0.0029955710982834984,False
06_correct_passenger_row_5160,5160,correct_passenger,0,0,0.499998539686203,reference,68,402,408,146,152,149.0,0.001980443950742483,0.0019830680647322844,False
06_correct_passenger_row_5160,5160,correct_passenger,0,0,0.499998539686203,reference,69,408,414,152,158,155.0,0.0026473032776266336,0.002650810988896858,False
06_correct_passenger_row_5160,5160,correct_passenger,0,0,0.499998539686203,reference,70,414,420,158,164,161.0,0.0018968535587191582,0.0018993669143524611,False
06_correct_passenger_row_5160,5160,correct_passenger,0,0,0.499998539686203,reference,71,420,426,164,170,167.0,0.0020610010251402855,0.0020637318783012838,False
06_correct_passenger_row_5160,5160,correct_passenger,0,0,0.499998539686203,reference,72,426,432,170,176,173.0,0.0022305836901068687,0.002233539242504319,False
06_correct_passenger_row_5160,5160,correct_passenger,0,0,0.499998539686203,reference,73,432,438,176,182,179.0,0.002061001490801573,0.0020637323445795784,False
06_correct_passenger_row_5160,5160,correct_passenger,0,0,0.499998539686203,reference,74,438,444,182,188,185.0,0.0020255865529179573,0.002028270481442707,False
06_correct_passenger_row_5160,5160,correct_passenger,0,0,0.499998539686203,reference,75,444,450,188,194,191.0,0.0014730480033904314,0.0014749998111514622,False
06_correct_passenger_row_5160,5160,correct_passenger,0,0,0.499998539686203,reference,76,450,456,194,200,197.0,0.0014575424138456583,0.0014594736764988968,False
06_correct_passenger_row_5160,5160,correct_passenger,0,0,0.499998539686203,reference,77,456,462,200,206,203.0,0.001375163090415299,0.0013769851993936744,False
06_correct_passenger_row_5160,5160,correct_passenger,0,0,0.499998539686203,reference,78,462,468,206,212,209.0,0.0016103649977594614,0.0016124987523237968,False
06_correct_passenger_row_5160,5160,correct_passenger,0,0,0.499998539686203,reference,79,468,474,212,218,215.0,0.0014513806672766805,0.0014533037655355835,False
06_correct_passenger_row_5160,5160,correct_passenger,0,0,0.499998539686203,reference,80,474,480,218,224,221.0,0.0018038839334622025,0.0018062741031329985,False
06_correct_passenger_row_5160,5160,correct_passenger,0,0,0.499998539686203,reference,81,480,486,224,230,227.0,0.001548577449284494,0.0015506293345435716,False
06_correct_passenger_row_5160,5160,correct_passenger,0,0,0.499998539686203,reference,82,486,492,230,236,233.0,0.0015553325647488236,0.00155739340062374,False
06_correct_passenger_row_5160,5160,correct_passenger,0,0,0.499998539686203,reference,83,492,498,236,242,239.0,0.0018096189014613628,0.0018120166700393392,False
06_correct_passenger_row_5160,5160,correct_passenger,0,0,0.499998539686203,reference,84,498,504,242,248,245.0,0.002093226881697774,0.0020960004345377983,False
06_correct_passenger_row_5160,5160,correct_passenger,0,0,0.499998539686203,reference,85,504,510,248,254,251.0,0.0014197869459167123,0.0014216681820839467,False
06_correct_passenger_row_5160,5160,correct_passenger,0,0,0.499998539686203,reference,86,510,511,254,255,254.5,0.0006940020248293877,0.0006949215865375705,False
06_correct_passenger_row_5160,5160,correct_passenger,0,0,0.499998539686203,reference,87,511,512,255,256,255.5,0.00025788345374166965,0.00025822515267157276,False
06_correct_passenger_row_5160,5160,correct_passenger,0,0,0.499998539686203,alternate,1,0,6,-256,-250,-253.0,0.0012473735259845853,0.0012491306227013837,False
06_correct_passenger_row_5160,5160,correct_passenger,0,0,0.499998539686203,alternate,2,6,12,-250,-244,-247.0,0.0016422963235527277,0.0016446097232024812,False
06_correct_passenger_row_5160,5160,correct_passenger,0,0,0.499998539686203,alternate,3,12,18,-244,-238,-241.0,0.0020665330812335014,0.0020694440765501,False
06_correct_passenger_row_5160,5160,correct_passenger,0,0,0.499998539686203,alternate,4,18,24,-238,-232,-235.0,0.002300428692251444,0.0023036691616202267,False
06_correct_passenger_row_5160,5160,correct_passenger,0,0,0.499998539686203,alternate,5,24,30,-232,-226,-229.0,0.0017078258097171783,0.0017102315166370435,False
06_correct_passenger_row_5160,5160,correct_passenger,0,0,0.499998539686203,alternate,6,30,36,-226,-220,-223.0,0.001841357909142971,0.0018439517143418204,False
06_correct_passenger_row_5160,5160,correct_passenger,0,0,0.499998539686203,alternate,7,36,42,-220,-214,-217.0,0.0024371733888983727,0.002440606481930006,False
06_correct_passenger_row_5160,5160,correct_passenger,0,0,0.499998539686203,alternate,8,42,48,-214,-208,-211.0,0.003233741968870163,0.0032382971380140566,False
06_correct_passenger_row_5160,5160,correct_passenger,0,0,0.499998539686203,alternate,9,48,54,-208,-202,-205.0,0.0020588855259120464,0.00206178574859794,False
06_correct_passenger_row_5160,5160,correct_passenger,0,0,0.499998539686203,alternate,10,54,60,-202,-196,-199.0,0.0024485543835908175,0.0024520035083146355,False
06_correct_passenger_row_5160,5160,correct_passenger,0,0,0.499998539686203,alternate,11,60,66,-196,-190,-193.0,0.0023889446165412664,0.00239230977273137,False
06_correct_passenger_row_5160,5160,correct_passenger,0,0,0.499998539686203,alternate,12,66,72,-190,-184,-187.0,0.0017539154505357146,0.0017563860810369076,False
06_correct_passenger_row_5160,5160,correct_passenger,0,0,0.499998539686203,alternate,13,72,78,-184,-178,-181.0,0.0012676957994699478,0.001269481522896609,False
06_correct_passenger_row_5160,5160,correct_passenger,0,0,0.499998539686203,alternate,14,78,84,-178,-172,-175.0,0.001408419106155634,0.0014104030576631416,False
06_correct_passenger_row_5160,5160,correct_passenger,0,0,0.499998539686203,alternate,15,84,90,-172,-166,-169.0,0.0017413869500160217,0.001743839932405666,False
06_correct_passenger_row_5160,5160,correct_passenger,0,0,0.499998539686203,alternate,16,90,96,-166,-160,-163.0,0.0014811038272455335,0.0014831901651530472,False
06_correct_passenger_row_5160,5160,correct_passenger,0,0,0.499998539686203,alternate,17,96,102,-160,-154,-157.0,0.0023163382429629564,0.0023196011231162708,False
06_correct_passenger_row_5160,5160,correct_passenger,0,0,0.499998539686203,alternate,18,102,108,-154,-148,-151.0,0.0019381814636290073,0.0019409116580858872,False
06_correct_passenger_row_5160,5160,correct_passenger,0,0,0.499998539686203,alternate,19,108,114,-148,-142,-145.0,0.002765812911093235,0.002769708937972212,False
06_correct_passenger_row_5160,5160,correct_passenger,0,0,0.499998539686203,alternate,20,114,120,-142,-136,-139.0,0.002965490333735943,0.00296966763365498,False
06_correct_passenger_row_5160,5160,correct_passenger,0,0,0.499998539686203,alternate,21,120,126,-136,-130,-133.0,0.004094628617167473,0.004100396463245539,False
06_correct_passenger_row_5160,5160,correct_passenger,0,0,0.499998539686203,alternate,22,126,132,-130,-124,-127.0,0.0053969621658325195,0.005404564527358337,False
06_correct_passenger_row_5160,5160,correct_passenger,0,0,0.499998539686203,alternate,23,132,138,-124,-118,-121.0,0.005349115002900362,0.005356649965133871,False
06_correct_passenger_row_5160,5160,correct_passenger,0,0,0.499998539686203,alternate,24,138,144,-118,-112,-115.0,0.005209795664995909,0.005217134376831186,False
06_correct_passenger_row_5160,5160,correct_passenger,0,0,0.499998539686203,alternate,25,144,150,-112,-106,-109.0,0.004220440983772278,0.004226386053826714,False
06_correct_passenger_row_5160,5160,correct_passenger,0,0,0.499998539686203,alternate,26,150,156,-106,-100,-103.0,0.004042970947921276,0.004048666027086193,False
06_correct_passenger_row_5160,5160,correct_passenger,0,0,0.499998539686203,alternate,27,156,162,-100,-94,-97.0,0.005342021584510803,0.005349546554691488,False
06_correct_passenger_row_5160,5160,correct_passenger,0,0,0.499998539686203,alternate,28,162,168,-94,-88,-91.0,0.003913324326276779,0.003918836780391148,False
06_correct_passenger_row_5160,5160,correct_passenger,0,0,0.499998539686203,alternate,29,168,174,-88,-82,-85.0,0.005864317063242197,0.005872577758249295,False
06_correct_passenger_row_5160,5160,correct_passenger,0,0,0.499998539686203,alternate,30,174,180,-82,-76,-79.0,0.005948430858552456,0.0059568100393783555,False
06_correct_passenger_row_5160,5160,correct_passenger,0,0,0.499998539686203,alternate,31,180,186,-76,-70,-73.0,0.006149831227958202,0.0061584941088310185,False
06_correct_passenger_row_5160,5160,correct_passenger,0,0,0.499998539686203,alternate,32,186,192,-70,-64,-67.0,0.008909734897315502,0.008922285481089724,False
06_correct_passenger_row_5160,5160,correct_passenger,0,0,0.499998539686203,alternate,33,192,198,-64,-58,-61.0,0.010158173739910126,0.010172482921045724,False
06_correct_passenger_row_5160,5160,correct_passenger,0,0,0.499998539686203,alternate,34,198,204,-58,-52,-55.0,0.01132549811154604,0.011341451629183987,False
06_correct_passenger_row_5160,5160,correct_passenger,0,0,0.499998539686203,alternate,35,204,210,-52,-46,-49.0,0.014435768127441406,0.014456102887040516,False
06_correct_passenger_row_5160,5160,correct_passenger,0,0,0.499998539686203,alternate,36,210,216,-46,-40,-43.0,0.013173888437449932,0.013192445666410391,False
06_correct_passenger_row_5160,5160,correct_passenger,0,0,0.499998539686203,alternate,37,216,222,-40,-34,-37.0,0.0180517490953207,0.01807717746012652,False
06_correct_passenger_row_5160,5160,correct_passenger,0,0,0.499998539686203,alternate,38,222,228,-34,-28,-31.0,0.02089846134185791,0.02092789969135385,False
06_correct_passenger_row_5160,5160,correct_passenger,0,0,0.499998539686203,alternate,39,228,234,-28,-22,-25.0,0.03790872171521187,0.037962121349785036,False
06_correct_passenger_row_5160,5160,correct_passenger,0,0,0.499998539686203,alternate,40,234,240,-22,-16,-19.0,0.042435795068740845,0.04249557170712281,False
06_correct_passenger_row_5160,5160,correct_passenger,0,0,0.499998539686203,alternate,41,240,246,-16,-10,-13.0,0.05827886983752251,0.05836096361995179,False
06_correct_passenger_row_5160,5160,correct_passenger,0,0,0.499998539686203,alternate,42,246,252,-10,-4,-7.0,0.07810479402542114,0.07821481534164232,False
06_correct_passenger_row_5160,5160,correct_passenger,0,0,0.499998539686203,alternate,43,252,258,-4,2,-1.0,0.0940813347697258,0.0942138612351287,True
06_correct_passenger_row_5160,5160,correct_passenger,0,0,0.499998539686203,alternate,44,258,264,2,8,5.0,0.12028995156288147,0.12045939646014121,False
06_correct_passenger_row_5160,5160,correct_passenger,0,0,0.499998539686203,alternate,45,264,270,8,14,11.0,0.06563721597194672,0.06572967499426968,False
06_correct_passenger_row_5160,5160,correct_passenger,0,0,0.499998539686203,alternate,46,270,276,14,20,17.0,0.04929501935839653,0.04936445815508799,False
06_correct_passenger_row_5160,5160,correct_passenger,0,0,0.499998539686203,alternate,47,276,282,20,26,23.0,0.04108496755361557,0.04114284136614598,False
06_correct_passenger_row_5160,5160,correct_passenger,0,0,0.499998539686203,alternate,48,282,288,26,32,29.0,0.028476014733314514,0.028516127106194895,False
06_correct_passenger_row_5160,5160,correct_passenger,0,0,0.499998539686203,alternate,49,288,294,32,38,35.0,0.02032058872282505,0.020349213059468803,False
06_correct_passenger_row_5160,5160,correct_passenger,0,0,0.499998539686203,alternate,50,294,300,38,44,41.0,0.014623980037868023,0.014644579919760483,False
06_correct_passenger_row_5160,5160,correct_passenger,0,0,0.499998539686203,alternate,51,300,306,44,50,47.0,0.01258587185293436,0.012603600779875776,False
06_correct_passenger_row_5160,5160,correct_passenger,0,0,0.499998539686203,alternate,52,306,312,50,56,53.0,0.016114376485347748,0.016137075795078015,False
06_correct_passenger_row_5160,5160,correct_passenger,0,0,0.499998539686203,alternate,53,312,318,56,62,59.0,0.013390816748142242,0.01340967955038493,False
06_correct_passenger_row_5160,5160,correct_passenger,0,0,0.499998539686203,alternate,54,318,324,62,68,65.0,0.009142551571130753,0.009155430109126108,False
06_correct_passenger_row_5160,5160,correct_passenger,0,0,0.499998539686203,alternate,55,324,330,68,74,71.0,0.008624357171356678,0.008636505761457887,False
06_correct_passenger_row_5160,5160,correct_passenger,0,0,0.499998539686203,alternate,56,330,336,74,80,77.0,0.0077011240646243095,0.0077119721542524165,False
06_correct_passenger_row_5160,5160,correct_passenger,0,0,0.499998539686203,alternate,57,336,342,80,86,83.0,0.004588664509356022,0.004595128272756415,False
06_correct_passenger_row_5160,5160,correct_passenger,0,0,0.499998539686203,alternate,58,342,348,86,92,89.0,0.004845684394240379,0.004852510205404714,False
06_correct_passenger_row_5160,5160,correct_passenger,0,0,0.499998539686203,alternate,59,348,354,92,98,95.0,0.00729745626449585,0.00730773573265532,False
06_correct_passenger_row_5160,5160,correct_passenger,0,0,0.499998539686203,alternate,60,354,360,98,104,101.0,0.005567384418100119,0.005575226842745517,False
06_correct_passenger_row_5160,5160,correct_passenger,0,0,0.499998539686203,alternate,61,360,366,104,110,107.0,0.0061026704497635365,0.0061112668982111,False
06_correct_passenger_row_5160,5160,correct_passenger,0,0,0.499998539686203,alternate,62,366,372,110,116,113.0,0.0038595986552536488,0.003865035429390692,False
06_correct_passenger_row_5160,5160,correct_passenger,0,0,0.499998539686203,alternate,63,372,378,116,122,119.0,0.003672071034088731,0.0036772436498477153,False
06_correct_passenger_row_5160,5160,correct_passenger,0,0,0.499998539686203,alternate,64,378,384,122,128,125.0,0.004582772497087717,0.004589227960780608,False
06_correct_passenger_row_5160,5160,correct_passenger,0,0,0.499998539686203,alternate,65,384,390,128,134,131.0,0.004472238477319479,0.004478538238683289,False
06_correct_passenger_row_5160,5160,correct_passenger,0,0,0.499998539686203,alternate,66,390,396,134,140,137.0,0.0037890365347266197,0.0037943739124377124,False
06_correct_passenger_row_5160,5160,correct_passenger,0,0,0.499998539686203,alternate,67,396,402,140,146,143.0,0.0030802059918642044,0.0030845448845235584,False
06_correct_passenger_row_5160,5160,correct_passenger,0,0,0.499998539686203,alternate,68,402,408,146,152,149.0,0.0019213724881410599,0.0019240790048502346,False
06_correct_passenger_row_5160,5160,correct_passenger,0,0,0.499998539686203,alternate,69,408,414,152,158,155.0,0.0027395724318921566,0.002743431495456705,False
06_correct_passenger_row_5160,5160,correct_passenger,0,0,0.499998539686203,alternate,70,414,420,158,164,161.0,0.0019205663120374084,0.0019232716931369557,False
06_correct_passenger_row_5160,5160,correct_passenger,0,0,0.499998539686203,alternate,71,420,426,164,170,167.0,0.002050763461738825,0.002053652243383206,False
06_correct_passenger_row_5160,5160,correct_passenger,0,0,0.499998539686203,alternate,72,426,432,170,176,173.0,0.0022441253531724215,0.002247286511564837,False
06_correct_passenger_row_5160,5160,correct_passenger,0,0,0.499998539686203,alternate,73,432,438,176,182,179.0,0.0022275031078606844,0.002230640851540462,False
06_correct_passenger_row_5160,5160,correct_passenger,0,0,0.499998539686203,alternate,74,438,444,182,188,185.0,0.0020326266530901194,0.002035489886551646,False
06_correct_passenger_row_5160,5160,correct_passenger,0,0,0.499998539686203,alternate,75,444,450,188,194,191.0,0.0015559287276118994,0.001558120466655504,False
06_correct_passenger_row_5160,5160,correct_passenger,0,0,0.499998539686203,alternate,76,450,456,194,200,197.0,0.0015484059695154428,0.0015505871117223525,False
06_correct_passenger_row_5160,5160,correct_passenger,0,0,0.499998539686203,alternate,77,456,462,200,206,203.0,0.001484330976381898,0.0014864218601716465,False
06_correct_passenger_row_5160,5160,correct_passenger,0,0,0.499998539686203,alternate,78,462,468,206,212,209.0,0.0016794342081993818,0.0016817999216539596,False
06_correct_passenger_row_5160,5160,correct_passenger,0,0,0.499998539686203,alternate,79,468,474,212,218,215.0,0.0015455803368240595,0.0015477574987397239,False
06_correct_passenger_row_5160,5160,correct_passenger,0,0,0.499998539686203,alternate,80,474,480,218,224,221.0,0.0019302648724988103,0.0019329839153511442,False
06_correct_passenger_row_5160,5160,correct_passenger,0,0,0.499998539686203,alternate,81,480,486,224,230,227.0,0.0016547059640288353,0.0016570368443594619,False
06_correct_passenger_row_5160,5160,correct_passenger,0,0,0.499998539686203,alternate,82,486,492,230,236,233.0,0.001775355078279972,0.0017778559094377721,False
06_correct_passenger_row_5160,5160,correct_passenger,0,0,0.499998539686203,alternate,83,492,498,236,242,239.0,0.0020158030092716217,0.0020186425443230872,False
06_correct_passenger_row_5160,5160,correct_passenger,0,0,0.499998539686203,alternate,84,498,504,242,248,245.0,0.0022324700839817524,0.0022356148243287298,False
06_correct_passenger_row_5160,5160,correct_passenger,0,0,0.499998539686203,alternate,85,504,510,248,254,251.0,0.0015863350126892328,0.0015885695831562776,False
06_correct_passenger_row_5160,5160,correct_passenger,0,0,0.499998539686203,alternate,86,510,511,254,255,254.5,0.00072941166581586,0.0007304391422024443,False
06_correct_passenger_row_5160,5160,correct_passenger,0,0,0.499998539686203,alternate,87,511,512,255,256,255.5,0.0002680826000869274,0.0002684602312027327,False
07_false_positive_row_45821,45821,false_positive,0,1,0.9670175909996032,reference,1,0,6,-256,-250,-253.0,0.006939530372619629,0.007075303846596141,False
07_false_positive_row_45821,45821,false_positive,0,1,0.9670175909996032,reference,2,6,12,-250,-244,-247.0,0.0075436062179505825,0.007691198571831344,False
07_false_positive_row_45821,45821,false_positive,0,1,0.9670175909996032,reference,3,12,18,-244,-238,-241.0,0.009998473338782787,0.010194095720525547,False
07_false_positive_row_45821,45821,false_positive,0,1,0.9670175909996032,reference,4,18,24,-238,-232,-235.0,0.00697718933224678,0.007113699612246232,False
07_false_positive_row_45821,45821,false_positive,0,1,0.9670175909996032,reference,5,24,30,-232,-226,-229.0,0.008855822496116161,0.009029088656887087,False
07_false_positive_row_45821,45821,false_positive,0,1,0.9670175909996032,reference,6,30,36,-226,-220,-223.0,0.00970272533595562,0.009892561341443886,False
07_false_positive_row_45821,45821,false_positive,0,1,0.9670175909996032,reference,7,36,42,-220,-214,-217.0,0.009838445112109184,0.010030936505571311,False
07_false_positive_row_45821,45821,false_positive,0,1,0.9670175909996032,reference,8,42,48,-214,-208,-211.0,0.00970359519124031,0.009893448215643046,False
07_false_positive_row_45821,45821,false_positive,0,1,0.9670175909996032,reference,9,48,54,-208,-202,-205.0,0.00967475213110447,0.009864040834542459,False
07_false_positive_row_45821,45821,false_positive,0,1,0.9670175909996032,reference,10,54,60,-202,-196,-199.0,0.009192928671836853,0.009372790390825541,False
07_false_positive_row_45821,45821,false_positive,0,1,0.9670175909996032,reference,11,60,66,-196,-190,-193.0,0.006591193377971649,0.006720151560229791,False
07_false_positive_row_45821,45821,false_positive,0,1,0.9670175909996032,reference,12,66,72,-190,-184,-187.0,0.005707413423806429,0.005819080252303622,False
07_false_positive_row_45821,45821,false_positive,0,1,0.9670175909996032,reference,13,72,78,-184,-178,-181.0,0.005185396876186132,0.005286850333412082,False
07_false_positive_row_45821,45821,false_positive,0,1,0.9670175909996032,reference,14,78,84,-178,-172,-175.0,0.004796816501766443,0.004890667296489147,False
07_false_positive_row_45821,45821,false_positive,0,1,0.9670175909996032,reference,15,84,90,-172,-166,-169.0,0.00492890877649188,0.005025343986306374,False
07_false_positive_row_45821,45821,false_positive,0,1,0.9670175909996032,reference,16,90,96,-166,-160,-163.0,0.005307807587087154,0.005411656037429143,False
07_false_positive_row_45821,45821,false_positive,0,1,0.9670175909996032,reference,17,96,102,-160,-154,-157.0,0.005245479755103588,0.005348108747381495,False
07_false_positive_row_45821,45821,false_positive,0,1,0.9670175909996032,reference,18,102,108,-154,-148,-151.0,0.006391596514731646,0.0065166495394269885,False
07_false_positive_row_45821,45821,false_positive,0,1,0.9670175909996032,reference,19,108,114,-148,-142,-145.0,0.006864551454782486,0.006998857949352162,False
07_false_positive_row_45821,45821,false_positive,0,1,0.9670175909996032,reference,20,114,120,-142,-136,-139.0,0.007156660780310631,0.007296682459594301,False
07_false_positive_row_45821,45821,false_positive,0,1,0.9670175909996032,reference,21,120,126,-136,-130,-133.0,0.008153194561600685,0.008312713648656291,False
07_false_positive_row_45821,45821,false_positive,0,1,0.9670175909996032,reference,22,126,132,-130,-124,-127.0,0.009078329429030418,0.009255948988034866,False
07_false_positive_row_45821,45821,false_positive,0,1,0.9670175909996032,reference,23,132,138,-124,-118,-121.0,0.009159049950540066,0.00933824882471976,False
07_false_positive_row_45821,45821,false_positive,0,1,0.9670175909996032,reference,24,138,144,-118,-112,-115.0,0.00812389887869358,0.008282844789118025,False
07_false_positive_row_45821,45821,false_positive,0,1,0.9670175909996032,reference,25,144,150,-112,-106,-109.0,0.011406216770410538,0.011629381969306149,False
07_false_positive_row_45821,45821,false_positive,0,1,0.9670175909996032,reference,26,150,156,-106,-100,-103.0,0.007685446180403233,0.00783581366508058,False
07_false_positive_row_45821,45821,false_positive,0,1,0.9670175909996032,reference,27,156,162,-100,-94,-97.0,0.006681819446384907,0.006812550748073414,False
07_false_positive_row_45821,45821,false_positive,0,1,0.9670175909996032,reference,28,162,168,-94,-88,-91.0,0.00708362739533186,0.007222220159997048,False
07_false_positive_row_45821,45821,false_positive,0,1,0.9670175909996032,reference,29,168,174,-88,-82,-85.0,0.010785572230815887,0.010996594379574013,False
07_false_positive_row_45821,45821,false_positive,0,1,0.9670175909996032,reference,30,174,180,-82,-76,-79.0,0.009445820935070515,0.009630630548120809,False
07_false_positive_row_45821,45821,false_positive,0,1,0.9670175909996032,reference,31,180,186,-76,-70,-73.0,0.010938473977148533,0.011152487682995099,False
07_false_positive_row_45821,45821,false_positive,0,1,0.9670175909996032,reference,32,186,192,-70,-64,-67.0,0.012245621532201767,0.012485209874229727,False
07_false_positive_row_45821,45821,false_positive,0,1,0.9670175909996032,reference,33,192,198,-64,-58,-61.0,0.011527257040143013,0.011752790419164685,False
07_false_positive_row_45821,45821,false_positive,0,1,0.9670175909996032,reference,34,198,204,-58,-52,-55.0,0.013196151703596115,0.013454337382412009,False
07_false_positive_row_45821,45821,false_positive,0,1,0.9670175909996032,reference,35,204,210,-52,-46,-49.0,0.013074279762804508,0.013330080989662842,False
07_false_positive_row_45821,45821,false_positive,0,1,0.9670175909996032,reference,36,210,216,-46,-40,-43.0,0.014441327191889286,0.01472387500944918,False
07_false_positive_row_45821,45821,false_positive,0,1,0.9670175909996032,reference,37,216,222,-40,-34,-37.0,0.017511071637272835,0.017853679695971566,False
07_false_positive_row_45821,45821,false_positive,0,1,0.9670175909996032,reference,38,222,228,-34,-28,-31.0,0.018666617572307587,0.019031834147363296,False
07_false_positive_row_45821,45821,false_positive,0,1,0.9670175909996032,reference,39,228,234,-28,-22,-25.0,0.024555794894695282,0.025036234549842853,False
07_false_positive_row_45821,45821,false_positive,0,1,0.9670175909996032,reference,40,234,240,-22,-16,-19.0,0.02634182572364807,0.026857209474037715,False
07_false_positive_row_45821,45821,false_positive,0,1,0.9670175909996032,reference,41,240,246,-16,-10,-13.0,0.03701624646782875,0.03774047766311794,False
07_false_positive_row_45821,45821,false_positive,0,1,0.9670175909996032,reference,42,246,252,-10,-4,-7.0,0.051374614238739014,0.052379770131840704,False
07_false_positive_row_45821,45821,false_positive,0,1,0.9670175909996032,reference,43,252,258,-4,2,-1.0,0.058468423783779144,0.059612371657597286,True
07_false_positive_row_45821,45821,false_positive,0,1,0.9670175909996032,reference,44,258,264,2,8,5.0,0.093622125685215,0.09545386365058235,False
07_false_positive_row_45821,45821,false_positive,0,1,0.9670175909996032,reference,45,264,270,8,14,11.0,0.04586045444011688,0.04675772455540362,False
07_false_positive_row_45821,45821,false_positive,0,1,0.9670175909996032,reference,46,270,276,14,20,17.0,0.030036931857466698,0.030624611191211657,False
07_false_positive_row_45821,45821,false_positive,0,1,0.9670175909996032,reference,47,276,282,20,26,23.0,0.021077077835798264,0.021489455608555155,False
07_false_positive_row_45821,45821,false_positive,0,1,0.9670175909996032,reference,48,282,288,26,32,29.0,0.017252543941140175,0.017590093847263975,False
07_false_positive_row_45821,45821,false_positive,0,1,0.9670175909996032,reference,49,288,294,32,38,35.0,0.014968745410442352,0.015261612284181322,False
07_false_positive_row_45821,45821,false_positive,0,1,0.9670175909996032,reference,50,294,300,38,44,41.0,0.013702609576284885,0.013970704217394398,False
07_false_positive_row_45821,45821,false_positive,0,1,0.9670175909996032,reference,51,300,306,44,50,47.0,0.011553669348359108,0.011779719490137001,False
07_false_positive_row_45821,45821,false_positive,0,1,0.9670175909996032,reference,52,306,312,50,56,53.0,0.011749379336833954,0.011979258588594848,False
07_false_positive_row_45821,45821,false_positive,0,1,0.9670175909996032,reference,53,312,318,56,62,59.0,0.011146902106702328,0.011364993755825229,False
07_false_positive_row_45821,45821,false_positive,0,1,0.9670175909996032,reference,54,318,324,62,68,65.0,0.009432246908545494,0.009616790942711022,False
07_false_positive_row_45821,45821,false_positive,0,1,0.9670175909996032,reference,55,324,330,68,74,71.0,0.008028974756598473,0.008186063455204683,False
07_false_positive_row_45821,45821,false_positive,0,1,0.9670175909996032,reference,56,330,336,74,80,77.0,0.00687611848115921,0.0070106512872039305,False
07_false_positive_row_45821,45821,false_positive,0,1,0.9670175909996032,reference,57,336,342,80,86,83.0,0.007186764385551214,0.007327375048648379,False
07_false_positive_row_45821,45821,false_positive,0,1,0.9670175909996032,reference,58,342,348,86,92,89.0,0.0062512061558663845,0.006373512411585666,False
07_false_positive_row_45821,45821,false_positive,0,1,0.9670175909996032,reference,59,348,354,92,98,95.0,0.00571276992559433,0.005824541555254866,False
07_false_positive_row_45821,45821,false_positive,0,1,0.9670175909996032,reference,60,354,360,98,104,101.0,0.0061333635821938515,0.006253364221430355,False
07_false_positive_row_45821,45821,false_positive,0,1,0.9670175909996032,reference,61,360,366,104,110,107.0,0.006189259700477123,0.0063103539598512465,False
07_false_positive_row_45821,45821,false_positive,0,1,0.9670175909996032,reference,62,366,372,110,116,113.0,0.005764691159129143,0.0058774786394123636,False
07_false_positive_row_45821,45821,false_positive,0,1,0.9670175909996032,reference,63,372,378,116,122,119.0,0.006407496519386768,0.0065328606312526185,False
07_false_positive_row_45821,45821,false_positive,0,1,0.9670175909996032,reference,64,378,384,122,128,125.0,0.005787018220871687,0.005900242535144198,False
07_false_positive_row_45821,45821,false_positive,0,1,0.9670175909996032,reference,65,384,390,128,134,131.0,0.004988076165318489,0.005085668998415216,False
07_false_positive_row_45821,45821,false_positive,0,1,0.9670175909996032,reference,66,390,396,134,140,137.0,0.005313247442245483,0.005417202324578272,False
07_false_positive_row_45821,45821,false_positive,0,1,0.9670175909996032,reference,67,396,402,140,146,143.0,0.003282406600192189,0.0033466276242646426,False
07_false_positive_row_45821,45821,false_positive,0,1,0.9670175909996032,reference,68,402,408,146,152,149.0,0.003001020522788167,0.0030597361649102066,False
07_false_positive_row_45821,45821,false_positive,0,1,0.9670175909996032,reference,69,408,414,152,158,155.0,0.0028607542626559734,0.0029167255638216016,False
07_false_positive_row_45821,45821,false_positive,0,1,0.9670175909996032,reference,70,414,420,158,164,161.0,0.002442294266074896,0.0024900783032031503,False
07_false_positive_row_45821,45821,false_positive,0,1,0.9670175909996032,reference,71,420,426,164,170,167.0,0.004032885655760765,0.00411178997150425,False
07_false_positive_row_45821,45821,false_positive,0,1,0.9670175909996032,reference,72,426,432,170,176,173.0,0.002830322366207838,0.0028856982604685897,False
07_false_positive_row_45821,45821,false_positive,0,1,0.9670175909996032,reference,73,432,438,176,182,179.0,0.004323788918554783,0.0044083848221233585,False
07_false_positive_row_45821,45821,false_positive,0,1,0.9670175909996032,reference,74,438,444,182,188,185.0,0.0035452269949018955,0.0036145901591633175,False
07_false_positive_row_45821,45821,false_positive,0,1,0.9670175909996032,reference,75,444,450,188,194,191.0,0.004710327368229628,0.004802485983584136,False
07_false_positive_row_45821,45821,false_positive,0,1,0.9670175909996032,reference,76,450,456,194,200,197.0,0.0036784508265554905,0.0037504205450747392,False
07_false_positive_row_45821,45821,false_positive,0,1,0.9670175909996032,reference,77,456,462,200,206,203.0,0.003969529643654823,0.004047194384758666,False
07_false_positive_row_45821,45821,false_positive,0,1,0.9670175909996032,reference,78,462,468,206,212,209.0,0.003883695462718606,0.003959680838749329,False
07_false_positive_row_45821,45821,false_positive,0,1,0.9670175909996032,reference,79,468,474,212,218,215.0,0.0033560162410140038,0.003421677454280235,False
07_false_positive_row_45821,45821,false_positive,0,1,0.9670175909996032,reference,80,474,480,218,224,221.0,0.0031401552259922028,0.003201593069904617,False
07_false_positive_row_45821,45821,false_positive,0,1,0.9670175909996032,reference,81,480,486,224,230,227.0,0.003982031252235174,0.00405994059012527,False
07_false_positive_row_45821,45821,false_positive,0,1,0.9670175909996032,reference,82,486,492,230,236,233.0,0.004048284143209457,0.004127489733826404,False
07_false_positive_row_45821,45821,false_positive,0,1,0.9670175909996032,reference,83,492,498,236,242,239.0,0.004176797345280647,0.004258517325627178,False
07_false_positive_row_45821,45821,false_positive,0,1,0.9670175909996032,reference,84,498,504,242,248,245.0,0.003924497868865728,0.004001281553158211,False
07_false_positive_row_45821,45821,false_positive,0,1,0.9670175909996032,reference,85,504,510,248,254,251.0,0.004838373512029648,0.00493303737901352,False
07_false_positive_row_45821,45821,false_positive,0,1,0.9670175909996032,reference,86,510,511,254,255,254.5,0.006136797368526459,0.0062568651905655776,False
07_false_positive_row_45821,45821,false_positive,0,1,0.9670175909996032,reference,87,511,512,255,256,255.5,0.006041323766112328,0.006159523625627071,False
07_false_positive_row_45821,45821,false_positive,0,1,0.9670175909996032,alternate,1,0,6,-256,-250,-253.0,0.006759826559573412,0.006885510748206677,False
07_false_positive_row_45821,45821,false_positive,0,1,0.9670175909996032,alternate,2,6,12,-250,-244,-247.0,0.007281063124537468,0.0074164385669590015,False
07_false_positive_row_45821,45821,false_positive,0,1,0.9670175909996032,alternate,3,12,18,-244,-238,-241.0,0.009467941708862782,0.009643977375047177,False
07_false_positive_row_45821,45821,false_positive,0,1,0.9670175909996032,alternate,4,18,24,-238,-232,-235.0,0.006683495827019215,0.006807760812644192,False
07_false_positive_row_45821,45821,false_positive,0,1,0.9670175909996032,alternate,5,24,30,-232,-226,-229.0,0.0084239412099123,0.00858056597043411,False
07_false_positive_row_45821,45821,false_positive,0,1,0.9670175909996032,alternate,6,30,36,-226,-220,-223.0,0.009940073825418949,0.010124887755583066,False
07_false_positive_row_45821,45821,false_positive,0,1,0.9670175909996032,alternate,7,36,42,-220,-214,-217.0,0.010648906230926514,0.010846899349192286,False
07_false_positive_row_45821,45821,false_positive,0,1,0.9670175909996032,alternate,8,42,48,-214,-208,-211.0,0.010007906705141068,0.01019398183932801,False
07_false_positive_row_45821,45821,false_positive,0,1,0.9670175909996032,alternate,9,48,54,-208,-202,-205.0,0.010038651525974274,0.01022529829285431,False
07_false_positive_row_45821,45821,false_positive,0,1,0.9670175909996032,alternate,10,54,60,-202,-196,-199.0,0.009449121542274952,0.009624807288628315,False
07_false_positive_row_45821,45821,false_positive,0,1,0.9670175909996032,alternate,11,60,66,-196,-190,-193.0,0.006547568831592798,0.006669306552060456,False
07_false_positive_row_45821,45821,false_positive,0,1,0.9670175909996032,alternate,12,66,72,-190,-184,-187.0,0.005883233156055212,0.005992619007784193,False
07_false_positive_row_45821,45821,false_positive,0,1,0.9670175909996032,alternate,13,72,78,-184,-178,-181.0,0.0054945554584264755,0.0055967146985499965,False
07_false_positive_row_45821,45821,false_positive,0,1,0.9670175909996032,alternate,14,78,84,-178,-172,-175.0,0.005287094973027706,0.005385396939218084,False
07_false_positive_row_45821,45821,false_positive,0,1,0.9670175909996032,alternate,15,84,90,-172,-166,-169.0,0.005162924528121948,0.005258917816496013,False
07_false_positive_row_45821,45821,false_positive,0,1,0.9670175909996032,alternate,16,90,96,-166,-160,-163.0,0.005384092219173908,0.005484197636987506,False
07_false_positive_row_45821,45821,false_positive,0,1,0.9670175909996032,alternate,17,96,102,-160,-154,-157.0,0.0050752246752381325,0.005169587376679852,False
07_false_positive_row_45821,45821,false_positive,0,1,0.9670175909996032,alternate,18,102,108,-154,-148,-151.0,0.00612078420817852,0.006234586802109683,False
07_false_positive_row_45821,45821,false_positive,0,1,0.9670175909996032,alternate,19,108,114,-148,-142,-145.0,0.006748523563146591,0.006873997597285136,False
07_false_positive_row_45821,45821,false_positive,0,1,0.9670175909996032,alternate,20,114,120,-142,-136,-139.0,0.006814663298428059,0.006941367056272087,False
07_false_positive_row_45821,45821,false_positive,0,1,0.9670175909996032,alternate,21,120,126,-136,-130,-133.0,0.007530999835580587,0.007671022304439897,False
07_false_positive_row_45821,45821,false_positive,0,1,0.9670175909996032,alternate,22,126,132,-130,-124,-127.0,0.008219704031944275,0.00837253144888405,False
07_false_positive_row_45821,45821,false_positive,0,1,0.9670175909996032,alternate,23,132,138,-124,-118,-121.0,0.008827547542750835,0.008991676480195384,False
07_false_positive_row_45821,45821,false_positive,0,1,0.9670175909996032,alternate,24,138,144,-118,-112,-115.0,0.008141422644257545,0.008292794590023647,False
07_false_positive_row_45821,45821,false_positive,0,1,0.9670175909996032,alternate,25,144,150,-112,-106,-109.0,0.011921856552362442,0.012143517397441937,False
07_false_positive_row_45821,45821,false_positive,0,1,0.9670175909996032,alternate,26,150,156,-106,-100,-103.0,0.0077919019386172295,0.007936775311393066,False
07_false_positive_row_45821,45821,false_positive,0,1,0.9670175909996032,alternate,27,156,162,-100,-94,-97.0,0.0065561626106500626,0.006678060113641516,False
07_false_positive_row_45821,45821,false_positive,0,1,0.9670175909996032,alternate,28,162,168,-94,-88,-91.0,0.006747966166585684,0.006873429837154411,False
07_false_positive_row_45821,45821,false_positive,0,1,0.9670175909996032,alternate,29,168,174,-88,-82,-85.0,0.010123476386070251,0.010311700285680415,False
07_false_positive_row_45821,45821,false_positive,0,1,0.9670175909996032,alternate,30,174,180,-82,-76,-79.0,0.009110486134886742,0.009279875696560662,False
07_false_positive_row_45821,45821,false_positive,0,1,0.9670175909996032,alternate,31,180,186,-76,-70,-73.0,0.010261070914566517,0.01045185308346392,False
07_false_positive_row_45821,45821,false_positive,0,1,0.9670175909996032,alternate,32,186,192,-70,-64,-67.0,0.011862225830554962,0.0120827779727969,False
07_false_positive_row_45821,45821,false_positive,0,1,0.9670175909996032,alternate,33,192,198,-64,-58,-61.0,0.011129789054393768,0.01133672313689324,False
07_false_positive_row_45821,45821,false_positive,0,1,0.9670175909996032,alternate,34,198,204,-58,-52,-55.0,0.012953484430909157,0.013194326139838328,False
07_false_positive_row_45821,45821,false_positive,0,1,0.9670175909996032,alternate,35,204,210,-52,-46,-49.0,0.013148428872227669,0.01339289514662753,False
07_false_positive_row_45821,45821,false_positive,0,1,0.9670175909996032,alternate,36,210,216,-46,-40,-43.0,0.014765752479434013,0.015040289348624693,False
07_false_positive_row_45821,45821,false_positive,0,1,0.9670175909996032,alternate,37,216,222,-40,-34,-37.0,0.017818165943026543,0.018149455763815006,False
07_false_positive_row_45821,45821,false_positive,0,1,0.9670175909996032,alternate,38,222,228,-34,-28,-31.0,0.018680080771446228,0.019027396013142496,False
07_false_positive_row_45821,45821,false_positive,0,1,0.9670175909996032,alternate,39,228,234,-28,-22,-25.0,0.024482809007167816,0.02493801328769351,False
07_false_positive_row_45821,45821,false_positive,0,1,0.9670175909996032,alternate,40,234,240,-22,-16,-19.0,0.026703042909502983,0.02719952758296951,False
07_false_positive_row_45821,45821,false_positive,0,1,0.9670175909996032,alternate,41,240,246,-16,-10,-13.0,0.037965327501297,0.03867120972196419,False
07_false_positive_row_45821,45821,false_positive,0,1,0.9670175909996032,alternate,42,246,252,-10,-4,-7.0,0.05232272297143936,0.053295549555937335,False
07_false_positive_row_45821,45821,false_positive,0,1,0.9670175909996032,alternate,43,252,258,-4,2,-1.0,0.05492732301354408,0.05594857643860093,True
07_false_positive_row_45821,45821,false_positive,0,1,0.9670175909996032,alternate,44,258,264,2,8,5.0,0.09610234946012497,0.0978891624369373,False
07_false_positive_row_45821,45821,false_positive,0,1,0.9670175909996032,alternate,45,264,270,8,14,11.0,0.04703816771507263,0.047912739553856235,False
07_false_positive_row_45821,45821,false_positive,0,1,0.9670175909996032,alternate,46,270,276,14,20,17.0,0.03197566419839859,0.03257018173155836,False
07_false_positive_row_45821,45821,false_positive,0,1,0.9670175909996032,alternate,47,276,282,20,26,23.0,0.0225960873067379,0.023016212124202597,False
07_false_positive_row_45821,45821,false_positive,0,1,0.9670175909996032,alternate,48,282,288,26,32,29.0,0.018291564658284187,0.018631656292684706,False
07_false_positive_row_45821,45821,false_positive,0,1,0.9670175909996032,alternate,49,288,294,32,38,35.0,0.015680553391575813,0.015972098982719674,False
07_false_positive_row_45821,45821,false_positive,0,1,0.9670175909996032,alternate,50,294,300,38,44,41.0,0.014231233857572079,0.01449583252217925,False
07_false_positive_row_45821,45821,false_positive,0,1,0.9670175909996032,alternate,51,300,306,44,50,47.0,0.011712722480297089,0.011930494934760128,False
07_false_positive_row_45821,45821,false_positive,0,1,0.9670175909996032,alternate,52,306,312,50,56,53.0,0.011693578213453293,0.011910994722149968,False
07_false_positive_row_45821,45821,false_positive,0,1,0.9670175909996032,alternate,53,312,318,56,62,59.0,0.011122172698378563,0.01132896517139772,False
07_false_positive_row_45821,45821,false_positive,0,1,0.9670175909996032,alternate,54,318,324,62,68,65.0,0.009426566772162914,0.009601833161901671,False
07_false_positive_row_45821,45821,false_positive,0,1,0.9670175909996032,alternate,55,324,330,68,74,71.0,0.007980212569236755,0.008128587166283932,False
07_false_positive_row_45821,45821,false_positive,0,1,0.9670175909996032,alternate,56,330,336,74,80,77.0,0.007059290539473295,0.007190542605774265,False
07_false_positive_row_45821,45821,false_positive,0,1,0.9670175909996032,alternate,57,336,342,80,86,83.0,0.007566859479993582,0.00770754868050244,False
07_false_positive_row_45821,45821,false_positive,0,1,0.9670175909996032,alternate,58,342,348,86,92,89.0,0.006398499011993408,0.0065174651052364715,False
07_false_positive_row_45821,45821,false_positive,0,1,0.9670175909996032,alternate,59,348,354,92,98,95.0,0.00575169175863266,0.005858631885806279,False
07_false_positive_row_45821,45821,false_positive,0,1,0.9670175909996032,alternate,60,354,360,98,104,101.0,0.0059241605922579765,0.006034307400139701,False
07_false_positive_row_45821,45821,false_positive,0,1,0.9670175909996032,alternate,61,360,366,104,110,107.0,0.005915824323892593,0.006025816137098567,False
07_false_positive_row_45821,45821,false_positive,0,1,0.9670175909996032,alternate,62,366,372,110,116,113.0,0.005410460755228996,0.005511056438292793,False
07_false_positive_row_45821,45821,false_positive,0,1,0.9670175909996032,alternate,63,372,378,116,122,119.0,0.006037961691617966,0.006150224382017175,False
07_false_positive_row_45821,45821,false_positive,0,1,0.9670175909996032,alternate,64,378,384,122,128,125.0,0.005458084866404533,0.005559566015644086,False
07_false_positive_row_45821,45821,false_positive,0,1,0.9670175909996032,alternate,65,384,390,128,134,131.0,0.004723455756902695,0.004811278084756755,False
07_false_positive_row_45821,45821,false_positive,0,1,0.9670175909996032,alternate,66,390,396,134,140,137.0,0.005088780075311661,0.005183394809767072,False
07_false_positive_row_45821,45821,false_positive,0,1,0.9670175909996032,alternate,67,396,402,140,146,143.0,0.003140122164040804,0.003198505867072041,False
07_false_positive_row_45821,45821,false_positive,0,1,0.9670175909996032,alternate,68,402,408,146,152,149.0,0.0029472126625478268,0.0030020096353632632,False
07_false_positive_row_45821,45821,false_positive,0,1,0.9670175909996032,alternate,69,408,414,152,158,155.0,0.002919432008638978,0.002973712460961549,False
07_false_positive_row_45821,45821,false_positive,0,1,0.9670175909996032,alternate,70,414,420,158,164,161.0,0.0025358833372592926,0.002583032541000426,False
07_false_positive_row_45821,45821,false_positive,0,1,0.9670175909996032,alternate,71,420,426,164,170,167.0,0.004120726138353348,0.004197342027343185,False
07_false_positive_row_45821,45821,false_positive,0,1,0.9670175909996032,alternate,72,426,432,170,176,173.0,0.00276650907471776,0.0028179462595831085,False
07_false_positive_row_45821,45821,false_positive,0,1,0.9670175909996032,alternate,73,432,438,176,182,179.0,0.003984299022704363,0.004058378347895291,False
07_false_positive_row_45821,45821,false_positive,0,1,0.9670175909996032,alternate,74,438,444,182,188,185.0,0.003196113044396043,0.003255537775374712,False
07_false_positive_row_45821,45821,false_positive,0,1,0.9670175909996032,alternate,75,444,450,188,194,191.0,0.004354724660515785,0.004435691240183879,False
07_false_positive_row_45821,45821,false_positive,0,1,0.9670175909996032,alternate,76,450,456,194,200,197.0,0.0034371251240372658,0.0035010309474542644,False
07_false_positive_row_45821,45821,false_positive,0,1,0.9670175909996032,alternate,77,456,462,200,206,203.0,0.0038430499844253063,0.003914503092713348,False
07_false_positive_row_45821,45821,false_positive,0,1,0.9670175909996032,alternate,78,462,468,206,212,209.0,0.0038235506508499384,0.0038946412116824037,False
07_false_positive_row_45821,45821,false_positive,0,1,0.9670175909996032,alternate,79,468,474,212,218,215.0,0.00339554063975811,0.0034586732906505924,False
07_false_positive_row_45821,45821,false_positive,0,1,0.9670175909996032,alternate,80,474,480,218,224,221.0,0.003201331477612257,0.003260853233941937,False
07_false_positive_row_45821,45821,false_positive,0,1,0.9670175909996032,alternate,81,480,486,224,230,227.0,0.003970010671764612,0.004043824336323726,False
07_false_positive_row_45821,45821,false_positive,0,1,0.9670175909996032,alternate,82,486,492,230,236,233.0,0.004019796848297119,0.004094536177908065,False
07_false_positive_row_45821,45821,false_positive,0,1,0.9670175909996032,alternate,83,492,498,236,242,239.0,0.004025804810225964,0.004100655844747341,False
07_false_positive_row_45821,45821,false_positive,0,1,0.9670175909996032,alternate,84,498,504,242,248,245.0,0.0037478748708963394,0.0038175584061315004,False
07_false_positive_row_45821,45821,false_positive,0,1,0.9670175909996032,alternate,85,504,510,248,254,251.0,0.0044232746586203575,0.004505515775558995,False
07_false_positive_row_45821,45821,false_positive,0,1,0.9670175909996032,alternate,86,510,511,254,255,254.5,0.005765910260379314,0.005873114749491788,False
07_false_positive_row_45821,45821,false_positive,0,1,0.9670175909996032,alternate,87,511,512,255,256,255.5,0.00573099497705698,0.005837550292848719,False
08_false_positive_row_13748,13748,false_positive,0,1,0.9626989364624025,reference,1,0,6,-256,-250,-253.0,0.0022788995411247015,0.00228420552877846,False
08_false_positive_row_13748,13748,false_positive,0,1,0.9626989364624025,reference,2,6,12,-250,-244,-247.0,0.002005553338676691,0.002010222891266412,False
08_false_positive_row_13748,13748,false_positive,0,1,0.9626989364624025,reference,3,12,18,-244,-238,-241.0,0.002175025874748826,0.002180090012166804,False
08_false_positive_row_13748,13748,false_positive,0,1,0.9626989364624025,reference,4,18,24,-238,-232,-235.0,0.0018076524138450623,0.0018118611914664817,False
08_false_positive_row_13748,13748,false_positive,0,1,0.9626989364624025,reference,5,24,30,-232,-226,-229.0,0.0013178412336856127,0.0013209095783797797,False
08_false_positive_row_13748,13748,false_positive,0,1,0.9626989364624025,reference,6,30,36,-226,-220,-223.0,0.0014719555620104074,0.0014753827328435078,False
08_false_positive_row_13748,13748,false_positive,0,1,0.9626989364624025,reference,7,36,42,-220,-214,-217.0,0.0013376367278397083,0.0013407511626074772,False
08_false_positive_row_13748,13748,false_positive,0,1,0.9626989364624025,reference,8,42,48,-214,-208,-211.0,0.0013903441140428185,0.0013935812680158043,False
08_false_positive_row_13748,13748,false_positive,0,1,0.9626989364624025,reference,9,48,54,-208,-202,-205.0,0.0025597342755645514,0.002565694133916335,False
08_false_positive_row_13748,13748,false_positive,0,1,0.9626989364624025,reference,10,54,60,-202,-196,-199.0,0.001499311299994588,0.0015028021635027642,False
08_false_positive_row_13748,13748,false_positive,0,1,0.9626989364624025,reference,11,60,66,-196,-190,-193.0,0.0020504198037087917,0.0020551938193980185,False
08_false_positive_row_13748,13748,false_positive,0,1,0.9626989364624025,reference,12,66,72,-190,-184,-187.0,0.0029600216075778008,0.002966913459465627,False
08_false_positive_row_13748,13748,false_positive,0,1,0.9626989364624025,reference,13,72,78,-184,-178,-181.0,0.002186618046835065,0.0021917091744388145,False
08_false_positive_row_13748,13748,false_positive,0,1,0.9626989364624025,reference,14,78,84,-178,-172,-175.0,0.002289575058966875,0.00229490590254993,False
08_false_positive_row_13748,13748,false_positive,0,1,0.9626989364624025,reference,15,84,90,-172,-166,-169.0,0.0029876555781811476,0.002994611770556213,False
08_false_positive_row_13748,13748,false_positive,0,1,0.9626989364624025,reference,16,90,96,-166,-160,-163.0,0.004500930197536945,0.004511409764375058,False
08_false_positive_row_13748,13748,false_positive,0,1,0.9626989364624025,reference,17,96,102,-160,-154,-157.0,0.003382419003173709,0.0033902943277094367,False
08_false_positive_row_13748,13748,false_positive,0,1,0.9626989364624025,reference,18,102,108,-154,-148,-151.0,0.004454811103641987,0.004465183290870602,False
08_false_positive_row_13748,13748,false_positive,0,1,0.9626989364624025,reference,19,108,114,-148,-142,-145.0,0.0036555943079292774,0.0036641056696260065,False
08_false_positive_row_13748,13748,false_positive,0,1,0.9626989364624025,reference,20,114,120,-142,-136,-139.0,0.003675726242363453,0.003684284477471505,False
08_false_positive_row_13748,13748,false_positive,0,1,0.9626989364624025,reference,21,120,126,-136,-130,-133.0,0.003670490812510252,0.0036790368579075854,False
08_false_positive_row_13748,13748,false_positive,0,1,0.9626989364624025,reference,22,126,132,-130,-124,-127.0,0.004898356273770332,0.004909761172250196,False
08_false_positive_row_13748,13748,false_positive,0,1,0.9626989364624025,reference,23,132,138,-124,-118,-121.0,0.0051270099356770515,0.005138947211071812,False
08_false_positive_row_13748,13748,false_positive,0,1,0.9626989364624025,reference,24,138,144,-118,-112,-115.0,0.007986647076904774,0.008005242477895582,False
08_false_positive_row_13748,13748,false_positive,0,1,0.9626989364624025,reference,25,144,150,-112,-106,-109.0,0.006098003126680851,0.00611220117653731,False
08_false_positive_row_13748,13748,false_positive,0,1,0.9626989364624025,reference,26,150,156,-106,-100,-103.0,0.005775129422545433,0.005788575721893828,False
08_false_positive_row_13748,13748,false_positive,0,1,0.9626989364624025,reference,27,156,162,-100,-94,-97.0,0.0051505607552826405,0.0051625528643178525,False
08_false_positive_row_13748,13748,false_positive,0,1,0.9626989364624025,reference,28,162,168,-94,-88,-91.0,0.005683165043592453,0.005696397221234075,False
08_false_positive_row_13748,13748,false_positive,0,1,0.9626989364624025,reference,29,168,174,-88,-82,-85.0,0.0074647339060902596,0.007482114130724804,False
08_false_positive_row_13748,13748,false_positive,0,1,0.9626989364624025,reference,30,174,180,-82,-76,-79.0,0.008714636787772179,0.008734927175465217,False
08_false_positive_row_13748,13748,false_positive,0,1,0.9626989364624025,reference,31,180,186,-76,-70,-73.0,0.007074600085616112,0.007091071957250714,False
08_false_positive_row_13748,13748,false_positive,0,1,0.9626989364624025,reference,32,186,192,-70,-64,-67.0,0.008998852223157883,0.00901980435287331,False
08_false_positive_row_13748,13748,false_positive,0,1,0.9626989364624025,reference,33,192,198,-64,-58,-61.0,0.010209125466644764,0.010232895489282513,False
08_false_positive_row_13748,13748,false_positive,0,1,0.9626989364624025,reference,34,198,204,-58,-52,-55.0,0.012987719848752022,0.013017959304210397,False
08_false_positive_row_13748,13748,false_positive,0,1,0.9626989364624025,reference,35,204,210,-52,-46,-49.0,0.014125612564384937,0.014158501388361536,False
08_false_positive_row_13748,13748,false_positive,0,1,0.9626989364624025,reference,36,210,216,-46,-40,-43.0,0.01320075336843729,0.01323148883225623,False
08_false_positive_row_13748,13748,false_positive,0,1,0.9626989364624025,reference,37,216,222,-40,-34,-37.0,0.015828780829906464,0.015865635159876657,False
08_false_positive_row_13748,13748,false_positive,0,1,0.9626989364624025,reference,38,222,228,-34,-28,-31.0,0.02335621416568756,0.02341059470408572,False
08_false_positive_row_13748,13748,false_positive,0,1,0.9626989364624025,reference,39,228,234,-28,-22,-25.0,0.030455823987722397,0.030526734628208176,False
08_false_positive_row_13748,13748,false_positive,0,1,0.9626989364624025,reference,40,234,240,-22,-16,-19.0,0.04271559789776802,0.04281505310892516,False
08_false_positive_row_13748,13748,false_positive,0,1,0.9626989364624025,reference,41,240,246,-16,-10,-13.0,0.04937632754445076,0.04949129100800453,False
08_false_positive_row_13748,13748,false_positive,0,1,0.9626989364624025,reference,42,246,252,-10,-4,-7.0,0.053106531500816345,0.053230180040557684,False
08_false_positive_row_13748,13748,false_positive,0,1,0.9626989364624025,reference,43,252,258,-4,2,-1.0,0.08701068162918091,0.08721326958627958,True
08_false_positive_row_13748,13748,false_positive,0,1,0.9626989364624025,reference,44,258,264,2,8,5.0,0.10221928358078003,0.10245728189833113,False
08_false_positive_row_13748,13748,false_positive,0,1,0.9626989364624025,reference,45,264,270,8,14,11.0,0.04297223687171936,0.0430722896183109,False
08_false_positive_row_13748,13748,false_positive,0,1,0.9626989364624025,reference,46,270,276,14,20,17.0,0.03716839849948883,0.037254938103358747,False
08_false_positive_row_13748,13748,false_positive,0,1,0.9626989364624025,reference,47,276,282,20,26,23.0,0.03364252671599388,0.0337208569925923,False
08_false_positive_row_13748,13748,false_positive,0,1,0.9626989364624025,reference,48,282,288,26,32,29.0,0.02605791576206684,0.026118586702940334,False
08_false_positive_row_13748,13748,false_positive,0,1,0.9626989364624025,reference,49,288,294,32,38,35.0,0.019121356308460236,0.019165876779268586,False
08_false_positive_row_13748,13748,false_positive,0,1,0.9626989364624025,reference,50,294,300,38,44,41.0,0.017843615263700485,0.017885160755539448,False
08_false_positive_row_13748,13748,false_positive,0,1,0.9626989364624025,reference,51,300,306,44,50,47.0,0.017752084881067276,0.017793417261678022,False
08_false_positive_row_13748,13748,false_positive,0,1,0.9626989364624025,reference,52,306,312,50,56,53.0,0.01576101966202259,0.01579771622289691,False
08_false_positive_row_13748,13748,false_positive,0,1,0.9626989364624025,reference,53,312,318,56,62,59.0,0.013622772879898548,0.013654490936533474,False
08_false_positive_row_13748,13748,false_positive,0,1,0.9626989364624025,reference,54,318,324,62,68,65.0,0.015658408403396606,0.01569486605331343,False
08_false_positive_row_13748,13748,false_positive,0,1,0.9626989364624025,reference,55,324,330,68,74,71.0,0.015819862484931946,0.015856696050218364,False
08_false_positive_row_13748,13748,false_positive,0,1,0.9626989364624025,reference,56,330,336,74,80,77.0,0.014962916262447834,0.014997754590123124,False
08_false_positive_row_13748,13748,false_positive,0,1,0.9626989364624025,reference,57,336,342,80,86,83.0,0.015711916610598564,0.01574849884428122,False
08_false_positive_row_13748,13748,false_positive,0,1,0.9626989364624025,reference,58,342,348,86,92,89.0,0.01381755992770195,0.013849731509229968,False
08_false_positive_row_13748,13748,false_positive,0,1,0.9626989364624025,reference,59,348,354,92,98,95.0,0.013818357139825821,0.01385053057751187,False
08_false_positive_row_13748,13748,false_positive,0,1,0.9626989364624025,reference,60,354,360,98,104,101.0,0.011977216228842735,0.012005102917259581,False
08_false_positive_row_13748,13748,false_positive,0,1,0.9626989364624025,reference,61,360,366,104,110,107.0,0.011672158725559711,0.011699335145131048,False
08_false_positive_row_13748,13748,false_positive,0,1,0.9626989364624025,reference,62,366,372,110,116,113.0,0.012581927701830864,0.0126112223468302,False
08_false_positive_row_13748,13748,false_positive,0,1,0.9626989364624025,reference,63,372,378,116,122,119.0,0.007728585973381996,0.007746580527777991,False
08_false_positive_row_13748,13748,false_positive,0,1,0.9626989364624025,reference,64,378,384,122,128,125.0,0.005611395929008722,0.0056244610058067005,False
08_false_positive_row_13748,13748,false_positive,0,1,0.9626989364624025,reference,65,384,390,128,134,131.0,0.0051638102158904076,0.005175833173795057,False
08_false_positive_row_13748,13748,false_positive,0,1,0.9626989364624025,reference,66,390,396,134,140,137.0,0.004561936482787132,0.0045725580912512566,False
08_false_positive_row_13748,13748,false_positive,0,1,0.9626989364624025,reference,67,396,402,140,146,143.0,0.0038423254154622555,0.003851271545314958,False
08_false_positive_row_13748,13748,false_positive,0,1,0.9626989364624025,reference,68,402,408,146,152,149.0,0.002610862720757723,0.002616941622048458,False
08_false_positive_row_13748,13748,false_positive,0,1,0.9626989364624025,reference,69,408,414,152,158,155.0,0.001954633044078946,0.0019591840383691083,False
08_false_positive_row_13748,13748,false_positive,0,1,0.9626989364624025,reference,70,414,420,158,164,161.0,0.0020681850146502256,0.0020730003932816184,False
08_false_positive_row_13748,13748,false_positive,0,1,0.9626989364624025,reference,71,420,426,164,170,167.0,0.001486106775701046,0.0014895668949655157,False
08_false_positive_row_13748,13748,false_positive,0,1,0.9626989364624025,reference,72,426,432,170,176,173.0,0.0012245289981365204,0.0012273800828941114,False
08_false_positive_row_13748,13748,false_positive,0,1,0.9626989364624025,reference,73,432,438,176,182,179.0,0.001696770079433918,0.0017007206884582632,False
08_false_positive_row_13748,13748,false_positive,0,1,0.9626989364624025,reference,74,438,444,182,188,185.0,0.0012625912204384804,0.0012655309259000402,False
08_false_positive_row_13748,13748,false_positive,0,1,0.9626989364624025,reference,75,444,450,188,194,191.0,0.001637971610762179,0.0016417853186448976,False
08_false_positive_row_13748,13748,false_positive,0,1,0.9626989364624025,reference,76,450,456,194,200,197.0,0.0014670148957520723,0.0014704305631758757,False
08_false_positive_row_13748,13748,false_positive,0,1,0.9626989364624025,reference,77,456,462,200,206,203.0,0.001833371352404356,0.0018376400117221822,False
08_false_positive_row_13748,13748,false_positive,0,1,0.9626989364624025,reference,78,462,468,206,212,209.0,0.002242431975901127,0.002247653055709082,False
08_false_positive_row_13748,13748,false_positive,0,1,0.9626989364624025,reference,79,468,474,212,218,215.0,0.0021102551836520433,0.002115168514735173,False
08_false_positive_row_13748,13748,false_positive,0,1,0.9626989364624025,reference,80,474,480,218,224,221.0,0.0019490857375785708,0.0019536238160120785,False
08_false_positive_row_13748,13748,false_positive,0,1,0.9626989364624025,reference,81,480,486,224,230,227.0,0.0025164540857076645,0.002522313174302428,False
08_false_positive_row_13748,13748,false_positive,0,1,0.9626989364624025,reference,82,486,492,230,236,233.0,0.0022521165665239096,0.0022573601950740753,False
08_false_positive_row_13748,13748,false_positive,0,1,0.9626989364624025,reference,83,492,498,236,242,239.0,0.0023177084513008595,0.002323104798180435,False
08_false_positive_row_13748,13748,false_positive,0,1,0.9626989364624025,reference,84,498,504,242,248,245.0,0.002753539476543665,0.002759950573743442,False
08_false_positive_row_13748,13748,false_positive,0,1,0.9626989364624025,reference,85,504,510,248,254,251.0,0.0025362884625792503,0.002542193731778688,False
08_false_positive_row_13748,13748,false_positive,0,1,0.9626989364624025,reference,86,510,511,254,255,254.5,0.002501534065231681,0.002507358415373515,False
08_false_positive_row_13748,13748,false_positive,0,1,0.9626989364624025,reference,87,511,512,255,256,255.5,0.0011629798682406545,0.0011656876474608869,False
08_false_positive_row_13748,13748,false_positive,0,1,0.9626989364624025,alternate,1,0,6,-256,-250,-253.0,0.002961015095934272,0.00296891035793841,False
08_false_positive_row_13748,13748,false_positive,0,1,0.9626989364624025,alternate,2,6,12,-250,-244,-247.0,0.0022200890816748142,0.0022260087357138694,False
08_false_positive_row_13748,13748,false_positive,0,1,0.9626989364624025,alternate,3,12,18,-244,-238,-241.0,0.0028984444215893745,0.002906172844907548,False
08_false_positive_row_13748,13748,false_positive,0,1,0.9626989364624025,alternate,4,18,24,-238,-232,-235.0,0.0024305698461830616,0.002437050726939571,False
08_false_positive_row_13748,13748,false_positive,0,1,0.9626989364624025,alternate,5,24,30,-232,-226,-229.0,0.001960727386176586,0.001965955477196389,False
08_false_positive_row_13748,13748,false_positive,0,1,0.9626989364624025,alternate,6,30,36,-226,-220,-223.0,0.002032001968473196,0.0020374201063124964,False
08_false_positive_row_13748,13748,false_positive,0,1,0.9626989364624025,alternate,7,36,42,-220,-214,-217.0,0.001795284915715456,0.0018000718702977255,False
08_false_positive_row_13748,13748,false_positive,0,1,0.9626989364624025,alternate,8,42,48,-214,-208,-211.0,0.0018866860773414373,0.0018917167443314924,False
08_false_positive_row_13748,13748,false_positive,0,1,0.9626989364624025,alternate,9,48,54,-208,-202,-205.0,0.003092233557254076,0.0031004787006665606,False
08_false_positive_row_13748,13748,false_positive,0,1,0.9626989364624025,alternate,10,54,60,-202,-196,-199.0,0.0020384020172059536,0.0020438372201597326,False
08_false_positive_row_13748,13748,false_positive,0,1,0.9626989364624025,alternate,11,60,66,-196,-190,-193.0,0.0025237000081688166,0.0025304292115463,False
08_false_positive_row_13748,13748,false_positive,0,1,0.9626989364624025,alternate,12,66,72,-190,-184,-187.0,0.0033791817259043455,0.00338819198901386,False
08_false_positive_row_13748,13748,false_positive,0,1,0.9626989364624025,alternate,13,72,78,-184,-178,-181.0,0.002382188569754362,0.002388540446489911,False
08_false_positive_row_13748,13748,false_positive,0,1,0.9626989364624025,alternate,14,78,84,-178,-172,-175.0,0.002343317959457636,0.0023495661914488624,False
08_false_positive_row_13748,13748,false_positive,0,1,0.9626989364624025,alternate,15,84,90,-172,-166,-169.0,0.002910957206040621,0.002918718993495228,False
08_false_positive_row_13748,13748,false_positive,0,1,0.9626989364624025,alternate,16,90,96,-166,-160,-163.0,0.004489599727094173,0.0045015708130193306,False
08_false_positive_row_13748,13748,false_positive,0,1,0.9626989364624025,alternate,17,96,102,-160,-154,-157.0,0.0035685033071786165,0.0035780183780782875,False
08_false_positive_row_13748,13748,false_positive,0,1,0.9626989364624025,alternate,18,102,108,-154,-148,-151.0,0.004655049182474613,0.0046674614234619195,False
08_false_positive_row_13748,13748,false_positive,0,1,0.9626989364624025,alternate,19,108,114,-148,-142,-145.0,0.0038577739614993334,0.00386806034478073,False
08_false_positive_row_13748,13748,false_positive,0,1,0.9626989364624025,alternate,20,114,120,-142,-136,-139.0,0.004055079072713852,0.004065891551100246,False
08_false_positive_row_13748,13748,false_positive,0,1,0.9626989364624025,alternate,21,120,126,-136,-130,-133.0,0.004109958652406931,0.004120917461915024,False
08_false_positive_row_13748,13748,false_positive,0,1,0.9626989364624025,alternate,22,126,132,-130,-124,-127.0,0.0057070376351475716,0.00572225490217834,False
08_false_positive_row_13748,13748,false_positive,0,1,0.9626989364624025,alternate,23,132,138,-124,-118,-121.0,0.00592134241014719,0.005937131100251649,False
08_false_positive_row_13748,13748,false_positive,0,1,0.9626989364624025,alternate,24,138,144,-118,-112,-115.0,0.009719531051814556,0.009745447246675166,False
08_false_positive_row_13748,13748,false_positive,0,1,0.9626989364624025,alternate,25,144,150,-112,-106,-109.0,0.006334093865007162,0.0063509831171733215,False
08_false_positive_row_13748,13748,false_positive,0,1,0.9626989364624025,alternate,26,150,156,-106,-100,-103.0,0.005562756210565567,0.005577588765052665,False
08_false_positive_row_13748,13748,false_positive,0,1,0.9626989364624025,alternate,27,156,162,-100,-94,-97.0,0.004863620735704899,0.004876589112681388,False
08_false_positive_row_13748,13748,false_positive,0,1,0.9626989364624025,alternate,28,162,168,-94,-88,-91.0,0.005918429233133793,0.005934210155531894,False
08_false_positive_row_13748,13748,false_positive,0,1,0.9626989364624025,alternate,29,168,174,-88,-82,-85.0,0.00834091380238533,0.008363154046926531,False
08_false_positive_row_13748,13748,false_positive,0,1,0.9626989364624025,alternate,30,174,180,-82,-76,-79.0,0.009696541354060173,0.009722396249102549,False
08_false_positive_row_13748,13748,false_positive,0,1,0.9626989364624025,alternate,31,180,186,-76,-70,-73.0,0.007912092842161655,0.007933189676850446,False
08_false_positive_row_13748,13748,false_positive,0,1,0.9626989364624025,alternate,32,186,192,-70,-64,-67.0,0.010671916417777538,0.010700372056629335,False
08_false_positive_row_13748,13748,false_positive,0,1,0.9626989364624025,alternate,33,192,198,-64,-58,-61.0,0.011104388162493706,0.011133996945663681,False
08_false_positive_row_13748,13748,false_positive,0,1,0.9626989364624025,alternate,34,198,204,-58,-52,-55.0,0.013610301539301872,0.013646592099507278,False
08_false_positive_row_13748,13748,false_positive,0,1,0.9626989364624025,alternate,35,204,210,-52,-46,-49.0,0.014789598062634468,0.014829033103611035,False
08_false_positive_row_13748,13748,false_positive,0,1,0.9626989364624025,alternate,36,210,216,-46,-40,-43.0,0.013218377716839314,0.013253623249861896,False
08_false_positive_row_13748,13748,false_positive,0,1,0.9626989364624025,alternate,37,216,222,-40,-34,-37.0,0.014155946671962738,0.014193692142441839,False
08_false_positive_row_13748,13748,false_positive,0,1,0.9626989364624025,alternate,38,222,228,-34,-28,-31.0,0.02048492804169655,0.02053954913236481,False
08_false_positive_row_13748,13748,false_positive,0,1,0.9626989364624025,alternate,39,228,234,-28,-22,-25.0,0.023753758519887924,0.02381709563267572,False
08_false_positive_row_13748,13748,false_positive,0,1,0.9626989364624025,alternate,40,234,240,-22,-16,-19.0,0.03456544503569603,0.034657610470860876,False
08_false_positive_row_13748,13748,false_positive,0,1,0.9626989364624025,alternate,41,240,246,-16,-10,-13.0,0.04619385302066803,0.04631702448746657,False
08_false_positive_row_13748,13748,false_positive,0,1,0.9626989364624025,alternate,42,246,252,-10,-4,-7.0,0.05414611101150513,0.05429048640949888,False
08_false_positive_row_13748,13748,false_positive,0,1,0.9626989364624025,alternate,43,252,258,-4,2,-1.0,0.07169494032859802,0.07188610799236393,True
08_false_positive_row_13748,13748,false_positive,0,1,0.9626989364624025,alternate,44,258,264,2,8,5.0,0.10357174277305603,0.10384790686507343,False
08_false_positive_row_13748,13748,false_positive,0,1,0.9626989364624025,alternate,45,264,270,8,14,11.0,0.048559412360191345,0.048688891363482194,False
08_false_positive_row_13748,13748,false_positive,0,1,0.9626989364624025,alternate,46,270,276,14,20,17.0,0.039093177765607834,0.03919741596468276,False
08_false_positive_row_13748,13748,false_positive,0,1,0.9626989364624025,alternate,47,276,282,20,26,23.0,0.03317315876483917,0.03326161180255347,False
08_false_positive_row_13748,13748,false_positive,0,1,0.9626989364624025,alternate,48,282,288,26,32,29.0,0.026662340387701988,0.026733432954333437,False
08_false_positive_row_13748,13748,false_positive,0,1,0.9626989364624025,alternate,49,288,294,32,38,35.0,0.02037782222032547,0.020432157723620992,False
08_false_positive_row_13748,13748,false_positive,0,1,0.9626989364624025,alternate,50,294,300,38,44,41.0,0.01801496371626854,0.018062998884589797,False
08_false_positive_row_13748,13748,false_positive,0,1,0.9626989364624025,alternate,51,300,306,44,50,47.0,0.016401948407292366,0.016445682625409574,False
08_false_positive_row_13748,13748,false_positive,0,1,0.9626989364624025,alternate,52,306,312,50,56,53.0,0.016080070286989212,0.016122946248052383,False
08_false_positive_row_13748,13748,false_positive,0,1,0.9626989364624025,alternate,53,312,318,56,62,59.0,0.013570616021752357,0.013606800764341618,False
08_false_positive_row_13748,13748,false_positive,0,1,0.9626989364624025,alternate,54,318,324,62,68,65.0,0.01683991588652134,0.016884817902804303,False
08_false_positive_row_13748,13748,false_positive,0,1,0.9626989364624025,alternate,55,324,330,68,74,71.0,0.015171770006418228,0.015212224072130923,False
08_false_positive_row_13748,13748,false_positive,0,1,0.9626989364624025,alternate,56,330,336,74,80,77.0,0.015474290587008,0.015515551294756623,False
08_false_positive_row_13748,13748,false_positive,0,1,0.9626989364624025,alternate,57,336,342,80,86,83.0,0.012850428931415081,0.012884693364385516,False
08_false_positive_row_13748,13748,false_positive,0,1,0.9626989364624025,alternate,58,342,348,86,92,89.0,0.011434871703386307,0.01146536168913677,False
08_false_positive_row_13748,13748,false_positive,0,1,0.9626989364624025,alternate,59,348,354,92,98,95.0,0.011803913861513138,0.011835387862688914,False
08_false_positive_row_13748,13748,false_positive,0,1,0.9626989364624025,alternate,60,354,360,98,104,101.0,0.011454692110419273,0.011485234945379041,False
08_false_positive_row_13748,13748,false_positive,0,1,0.9626989364624025,alternate,61,360,366,104,110,107.0,0.012039793655276299,0.012071896607238513,False
08_false_positive_row_13748,13748,false_positive,0,1,0.9626989364624025,alternate,62,366,372,110,116,113.0,0.01106613501906395,0.011095641803905624,False
08_false_positive_row_13748,13748,false_positive,0,1,0.9626989364624025,alternate,63,372,378,116,122,119.0,0.008234226144850254,0.00825618191701237,False
08_false_positive_row_13748,13748,false_positive,0,1,0.9626989364624025,alternate,64,378,384,122,128,125.0,0.006221718620508909,0.006238308234892299,False
08_false_positive_row_13748,13748,false_positive,0,1,0.9626989364624025,alternate,65,384,390,128,134,131.0,0.006429624278098345,0.006446768252924228,False
08_false_positive_row_13748,13748,false_positive,0,1,0.9626989364624025,alternate,66,390,396,134,140,137.0,0.0059524099342525005,0.005968281462922344,False
08_false_positive_row_13748,13748,false_positive,0,1,0.9626989364624025,alternate,67,396,402,140,146,143.0,0.005702499765902758,0.005717704933141574,False
08_false_positive_row_13748,13748,false_positive,0,1,0.9626989364624025,alternate,68,402,408,146,152,149.0,0.003784307511523366,0.003794398003580881,False
08_false_positive_row_13748,13748,false_positive,0,1,0.9626989364624025,alternate,69,408,414,152,158,155.0,0.0026936104986816645,0.002700792752042477,False
08_false_positive_row_13748,13748,false_positive,0,1,0.9626989364624025,alternate,70,414,420,158,164,161.0,0.0025038323365151882,0.002510508564656803,False
08_false_positive_row_13748,13748,false_positive,0,1,0.9626989364624025,alternate,71,420,426,164,170,167.0,0.0018241694197058678,0.0018290333920403185,False
08_false_positive_row_13748,13748,false_positive,0,1,0.9626989364624025,alternate,72,426,432,170,176,173.0,0.001486435765400529,0.001490399203424291,False
08_false_positive_row_13748,13748,false_positive,0,1,0.9626989364624025,alternate,73,432,438,176,182,179.0,0.001900872914120555,0.0019059414089465892,False
08_false_positive_row_13748,13748,false_positive,0,1,0.9626989364624025,alternate,74,438,444,182,188,185.0,0.0016976636834442616,0.0017021903403985296,False
08_false_positive_row_13748,13748,false_positive,0,1,0.9626989364624025,alternate,75,444,450,188,194,191.0,0.0021468030754476786,0.0021525273193987557,False
08_false_positive_row_13748,13748,false_positive,0,1,0.9626989364624025,alternate,76,450,456,194,200,197.0,0.0018488727509975433,0.0018538025923892612,False
08_false_positive_row_13748,13748,false_positive,0,1,0.9626989364624025,alternate,77,456,462,200,206,203.0,0.0020388292614370584,0.002044265603596493,False
08_false_positive_row_13748,13748,false_positive,0,1,0.9626989364624025,alternate,78,462,468,206,212,209.0,0.0026286954525858164,0.0026357046162188385,False
08_false_positive_row_13748,13748,false_positive,0,1,0.9626989364624025,alternate,79,468,474,212,218,215.0,0.0026852076407521963,0.0026923674887004098,False
08_false_positive_row_13748,13748,false_positive,0,1,0.9626989364624025,alternate,80,474,480,218,224,221.0,0.0027998145669698715,0.0028072800032655472,False
08_false_positive_row_13748,13748,false_positive,0,1,0.9626989364624025,alternate,81,480,486,224,230,227.0,0.003900244366377592,0.003910643992909385,False
08_false_positive_row_13748,13748,false_positive,0,1,0.9626989364624025,alternate,82,486,492,230,236,233.0,0.0029808366671204567,0.0029887847814380007,False
08_false_positive_row_13748,13748,false_positive,0,1,0.9626989364624025,alternate,83,492,498,236,242,239.0,0.0028980623465031385,0.002905789751054837,False
08_false_positive_row_13748,13748,false_positive,0,1,0.9626989364624025,alternate,84,498,504,242,248,245.0,0.0038095798809081316,0.0038197377593082666,False
08_false_positive_row_13748,13748,false_positive,0,1,0.9626989364624025,alternate,85,504,510,248,254,251.0,0.003460843116044998,0.003470071121398268,False
08_false_positive_row_13748,13748,false_positive,0,1,0.9626989364624025,alternate,86,510,511,254,255,254.5,0.0030040722340345383,0.0030120823037567855,False
08_false_positive_row_13748,13748,false_positive,0,1,0.9626989364624025,alternate,87,511,512,255,256,255.5,0.001109702861867845,0.0011126617778332581,False
